ResponseID,type_mean,con_mean
R_0BbFw5YG2F7Lzmt,mean_nep,3.6
R_0k7FkHKRojtTMup,mean_nep,4.4
R_0wSgxCUGcd1bXKJ,mean_nep,3.8
R_3t9tMyEF2YZanwV,mean_nep,4
R_4JwwBo0IGilUEkd,mean_nep,3.2
R_6rN52dcPT1pH0wZ,mean_nep,3.8
R_7364pEfSwZbety5,mean_nep,5
R_bC8FdAK6vJZsX1r,mean_nep,4.2
R_bJc9am6sm9ajtHf,mean_nep,4.2
R_bOU9Q57g5l66dlX,mean_nep,5
R_d5o2FCPWWgtizcx,mean_nep,4.2
R_dgNSvO0l9aymLYx,mean_nep,4
R_eDSmf8RhthpwKTr,mean_nep,3.4
R_eLlIHaesAqsqFZX,mean_nep,4.2
R_eR5IEwHotx12nVb,mean_nep,2.6
R_5u22Vyg67iBFZVb,mean_nep,4.6
R_8J40FdkztWi0QAJ,mean_nep,4.2
R_eXmR1gv8hanVQAB,mean_nep,1.6
R_06Y0lnVBn4wxJ3L,mean_nep,2.4
R_07AGQOGDunwlNtj,mean_nep,4.8
R_0ccMuYX35uxjiHH,mean_nep,4.8
R_0CJgoxE736KONEh,mean_nep,4.6
R_0cR05LOhW7P7qIJ,mean_nep,4.4
R_0cuvRoyOulek00R,mean_nep,5
R_0dENC7slP3a5Rd3,mean_nep,3.8
R_0DMHiyIBCc8lqvj,mean_nep,4
R_0DnMj6rXovPR6NT,mean_nep,3.4
R_0DNRjAxdsB6W4jX,mean_nep,3.8
R_0eVImlwn2BEANIF,mean_nep,4.2
R_0HbxWvLhImRT7IV,mean_nep,3.6
R_0iHp12NIO4D2gMl,mean_nep,3.4
R_0iY9dELpvzn4Kih,mean_nep,4.4
R_0j3xYhj7RdPLFwp,mean_nep,4.8
R_0Mp0vazEMGmusrH,mean_nep,3
R_0N8eYana0RLX9UF,mean_nep,5
R_0NeD22cad3dbpvn,mean_nep,3.6
R_0NRtMV8VBYoLZpb,mean_nep,4.2
R_0oGsLWMorV4Bk1f,mean_nep,4.4
R_0PwlUujFg5mZFGJ,mean_nep,4.2
R_0qvNtw9fFcThH25,mean_nep,4.8
R_0TmUsFFK76t4dCZ,mean_nep,4.4
R_0vbLkr44iCanyK1,mean_nep,3
R_0vPMCZv5m2HGGiN,mean_nep,3.6
R_0Vuxzafv7zVAfIx,mean_nep,3.8
R_0VwcmZkYWSpWUAZ,mean_nep,3.2
R_1CebzxO1cVRmZql,mean_nep,4.6
R_1FiDWtIbMBT6AzH,mean_nep,4
R_1FzXdFvpLcrq56J,mean_nep,4.4
R_1GDT2JHtbi6pfet,mean_nep,3.6
R_1MlDClqRa9h7g5D,mean_nep,3.2
R_1NRgzUxHONK9Jtz,mean_nep,3
R_1RgdZ3Vv2lNWZYV,mean_nep,2.6
R_1Sb0LO16Jx5TcCV,mean_nep,5
R_1UmdGA1GogGWe5n,mean_nep,4.2
R_1XkWisNy2AsUpZH,mean_nep,3.8
R_244JNf9FXQ3l1Fr,mean_nep,3.4
R_244Quh8Fc3tsb0p,mean_nep,3.8
R_25g7WY80OPq9fHT,mean_nep,4
R_261uEZqFeKUH3AF,mean_nep,4.2
R_2ajvFuQFZExQl3n,mean_nep,4.4
R_2b1hdLIwKkoNip7,mean_nep,4.2
R_2co2HL7fSkRYHYN,mean_nep,4.4
R_2mcTLMyd4nfnWPX,mean_nep,4.6
R_2nuErdw9OW7GWiN,mean_nep,3.8
R_2t3UDaqQVWHDjvf,mean_nep,4.6
R_2tpYgwkvkSFK45L,mean_nep,4.6
R_2tWfXopTD51sAkt,mean_nep,4
R_2udElqUm8L6HSGF,mean_nep,4.2
R_2uhPW86zEamu8ap,mean_nep,3.6
R_37CtGcT1HWsBqGF,mean_nep,4.2
R_3Dw9IrzI1itpybr,mean_nep,3.2
R_3dybDH3gB3W6grX,mean_nep,4.2
R_3elaznfMNeSVX1j,mean_nep,5
R_3JiBpZ5qfHDbJtz,mean_nep,4.8
R_3K3bcpvjXtCH32B,mean_nep,3.4
R_3K4YYu69VKmc01n,mean_nep,2
R_3kM8DIimavIwNhj,mean_nep,5
R_3krtH3eq05A5Mpf,mean_nep,4
R_3LfDMnA3qEuedUx,mean_nep,4.4
R_3mAA8qe7emsvCbb,mean_nep,4.8
R_3mkdqQYUUok7oEZ,mean_nep,4.8
R_3mxEEvGPnogvQKp,mean_nep,3.8
R_3n6wJgesn7ivrbT,mean_nep,5
R_3OavzhNiGtTJt89,mean_nep,4.6
R_3qvo4fVxSy5Fk0Z,mean_nep,4
R_3RfTbBauwzdBfV3,mean_nep,3.8
R_3UTnT50f1jWpaF7,mean_nep,3.4
R_3vEn2mZxaExQxCJ,mean_nep,4
R_3vIN0Gt4GOykklL,mean_nep,4
R_3ViniLdqtYkUM1n,mean_nep,4.2
R_3VLGT3hUBDetMtT,mean_nep,5
R_3VnUbFlpfJ3Cl5H,mean_nep,3
R_3VOIs4RZ8lGlJjL,mean_nep,4.2
R_3W76O9yPDdwJxDD,mean_nep,4.4
R_41tJIld8tHgYVH7,mean_nep,4.4
R_4ME0EXGMx0uGEZv,mean_nep,3.8
R_4Obwgz5yXr8Q3RP,mean_nep,4
R_4T2ELhai4gkcMId,mean_nep,4.4
R_4UszAknxHX1fcMd,mean_nep,4.2
R_4Vhw34Ky39LASoZ,mean_nep,4.4
R_4Z0Y1kYXgWdDSf3,mean_nep,4.2
R_4ZLFXfUxyZAqyFf,mean_nep,3.6
R_4ZmRsf3Jg7xcJdH,mean_nep,4.2
R_50bTj8paHBwSlHD,mean_nep,3.6
R_55qQpaisGvSjSS1,mean_nep,4.8
R_56JZsLk5so0ia0Z,mean_nep,2.6
R_5ALEck3XOWIRRf7,mean_nep,4
R_5Ao3wv4u5dMDnvf,mean_nep,4.6
R_5bBg3UlRcT9zQXz,mean_nep,3.4
R_5BGLiu7ObeccajP,mean_nep,2.4
R_5Bzvn7OZ1Ql7D1z,mean_nep,3.8
R_5cGeZbsxb2e2HEF,mean_nep,5
R_5cKUhdhMsebiGlT,mean_nep,3.2
R_5dvDU4xC3PMBpUF,mean_nep,4.4
R_5i0au36wPN2VtJ3,mean_nep,2.2
R_5mMMkal0oe6JG1T,mean_nep,5
R_5ndSEURIN8H1bSJ,mean_nep,2.6
R_5nDu09Ohy36sjVr,mean_nep,4.6
R_5ut2tqTHns5SeQB,mean_nep,5
R_5vwhuShCk2H3fw1,mean_nep,3.8
R_5w439KNNQxKMf9H,mean_nep,4.8
R_6DalweIymPAufM9,mean_nep,4.8
R_6DuQ2ejBJhSrXy5,mean_nep,2.4
R_6eWLlRj99hivOEl,mean_nep,1.8
R_6fHtAi514WJaiGx,mean_nep,4.6
R_6Gd3llQdQpVornD,mean_nep,5
R_6JRf3ZMco16QsSN,mean_nep,3.4
R_6kUNkAbZYipCJJr,mean_nep,2.8
R_6KzcPDlHa16dpxr,mean_nep,3.2
R_6L1FceTSxoVJpmR,mean_nep,4.2
R_6mbcyrj4wmFuEV7,mean_nep,4.8
R_6mVB9yxTAbOOii1,mean_nep,4
R_6nfI0zvXDXzSLhr,mean_nep,4.6
R_6P5qGwDAlA0tRM9,mean_nep,4
R_6PxAP7IAnkSd1tj,mean_nep,4
R_6PXRlYCPNLWkyEZ,mean_nep,3.2
R_6Q2bKss6ad5PRAN,mean_nep,5
R_6QIHyPaXoQzNeqF,mean_nep,3.4
R_6rJc8bEtejdvTJr,mean_nep,2.8
R_6RLjg7evicLqQER,mean_nep,4.4
R_6S9623OwcAKEcFn,mean_nep,4
R_6sVd1MweY9SicqF,mean_nep,4.6
R_6teJEBpxwITFEeF,mean_nep,3.4
R_6VuQlrLPWH4RnMx,mean_nep,5
R_6zFMEXiuo6JhBxX,mean_nep,4.2
R_71iNBFYHgguGso5,mean_nep,4.6
R_74jwdrwcyshimix,mean_nep,4.2
R_74LJ8nixoVPRv81,mean_nep,3.4
R_74mK9ZOkbE0WEnP,mean_nep,3
R_77BfnjlVOWOW1y5,mean_nep,4.4
R_77ekb9Cqx0dSACN,mean_nep,3.8
R_78HXVWjXQKQgbrv,mean_nep,3.8
R_79BO6LOktjfGe2x,mean_nep,3.8
R_7NwFnzITm6AMlcp,mean_nep,5
R_7Og2Hxys5yl6m7H,mean_nep,4.2
R_7OoNH8Qb3uBnaW9,mean_nep,3
R_7R3j2aVNBbOKO21,mean_nep,4
R_81VySqk5NT9vGxT,mean_nep,4.8
R_82Py6qhFA9ja7VH,mean_nep,3.4
R_86RtqwQWvDwihUN,mean_nep,4.4
R_8bL6I05G7NV5TqB,mean_nep,4.6
R_8CeLwJuUrJIFbiR,mean_nep,3.2
R_8cTb4VIGELREwHX,mean_nep,3.8
R_8dicYIpm2nFQfiJ,mean_nep,4.8
R_8dJVk5zGuA4Ncmp,mean_nep,3.2
R_8e8rphJ7hGXMkGF,mean_nep,5
R_8H569CAJCPI3gEt,mean_nep,3.8
R_8HVtyNezMgl4FFj,mean_nep,3.8
R_8iFELvYBcFeQjCR,mean_nep,4
R_8iGFBKFtCpmmrXf,mean_nep,3.5
R_8IghlH19w1pw4uh,mean_nep,4.8
R_8IL64Ln8taMW3JP,mean_nep,4.6
R_8v8fFiriLGfB3VP,mean_nep,4.2
R_8vVdzf54XCFnO73,mean_nep,4.8
R_8xl0a3uNONomiup,mean_nep,3.6
R_9AXCsuRHBqoimvb,mean_nep,3
R_9EPzxpmB2vpiQCN,mean_nep,3
R_9EqxUElUr0iPF9X,mean_nep,3
R_9KWMsZb0bZjK4Pb,mean_nep,4.2
R_9KwPmcHqGwceDEV,mean_nep,5
R_9KxPOB0jpRJu8WF,mean_nep,4.2
R_9p2crtBGTm54x6J,mean_nep,3
R_9pJg1YTxQCcX6Yd,mean_nep,5
R_9QU6RW8NLOyiESh,mean_nep,3.2
R_9S3apTJcJ7QG6Rn,mean_nep,4.4
R_9t82UbQHVZ87Bqd,mean_nep,4.4
R_9tN81z8VG7IYvo9,mean_nep,4.4
R_9toXwBOO5RJRFkh,mean_nep,4
R_9XroaYNZJfDoqGN,mean_nep,2.8
R_9Y0d73UAxa76Del,mean_nep,4.6
R_9yk8jZZLJEkerT7,mean_nep,3.8
R_9YSE6ASb2YFyqNf,mean_nep,4.8
R_9ZAsE9UBgdjlYgt,mean_nep,4
R_9ZhhNFePbsgpEA5,mean_nep,4
R_a2HfDjdqyEhkt3T,mean_nep,4.2
R_a2z0hWSnOiQQHKB,mean_nep,5
R_a3E2KGTJdHJC6pL,mean_nep,4.2
R_a95ajFzwK6sha0R,mean_nep,5
R_ab22AooETQQFOdL,mean_nep,3.4
R_afqYVUFMoHSxxfT,mean_nep,4
R_ag6JHiFNXubHXDv,mean_nep,4.4
R_agHj3eq49kGzGGV,mean_nep,5
R_ahCqfjWZyn1YwPH,mean_nep,4.6
R_aVmtXz2i254vnEx,mean_nep,3.6
R_aY4SBJKtQSyF0vX,mean_nep,2.6
R_aY7FOdPNPZCH22F,mean_nep,4.4
R_aYv8mHBZlj0CRq5,mean_nep,2.8
R_b1KCSfREOEJfmtv,mean_nep,3.4
R_b1q0VxsvuP4xWrb,mean_nep,4
R_b3GxGMw8QThLyBv,mean_nep,4.4
R_b8wu6cwP3lxBOJv,mean_nep,3.6
R_b9K0jFJ8Lbw6YxT,mean_nep,4.6
R_b9rW9Ri4Zl2u7Xv,mean_nep,4.2
R_baa2Mxag7IwQRsp,mean_nep,3.8
R_bClxERZDA7gvv0N,mean_nep,4
R_bCvpOiyDDjgNIlT,mean_nep,4
R_bdBt4ubvlmYn29n,mean_nep,2
R_bedlXxHaLECHU6V,mean_nep,4
R_bEnSb3whMfZaP1H,mean_nep,3.8
R_bI3M4wTLhxu4OK9,mean_nep,3.4
R_bm6GrtBpNTeYNQp,mean_nep,4
R_bNTkn5kWlYmrCuN,mean_nep,4.4
R_bpvitqE4cXBkRKd,mean_nep,4.4
R_bPWsuZu6tR2NS17,mean_nep,3.8
R_bqhdczjeGHpyohT,mean_nep,4
R_brNlZkLKzMOuUqV,mean_nep,4.8
R_bybYkahi5ayo1ox,mean_nep,3.6
R_byMQ3iVmIqbgNUh,mean_nep,4.4
R_cA54GCklhlgeoOF,mean_nep,4.8
R_cBIdhWeV5SUWtKd,mean_nep,4.2
R_cBJqORad18yFTk9,mean_nep,4.8
R_cBKCSlPlA2I42qx,mean_nep,4
R_cC77pr8ZV3WENs9,mean_nep,4.2
R_cDdiCuPVOwRO3at,mean_nep,4
R_cN2EX7Fmw5AK5W5,mean_nep,3.4
R_cPadPm027lzVned,mean_nep,5
R_cRPwpnnPEe45Yax,mean_nep,3
R_cSJ1RbHQafhfw2x,mean_nep,4.8
R_cUSGSICZizH4ibP,mean_nep,3.8
R_cvcRRTXyJZG42Wx,mean_nep,4.6
R_cVkumCviUibfpwV,mean_nep,5
R_d0Vkm9FXus6u2Xj,mean_nep,2.8
R_d1hqGSfRusB2WYB,mean_nep,5
R_d4gxMC1tfFzsB1j,mean_nep,4.8
R_d5NFyjFU4mtTovr,mean_nep,4.8
R_d6ETQfzFpqQymhL,mean_nep,3.4
R_d6Gd6yVxVpfiIjb,mean_nep,4.2
R_dg67SVAkMvbqjNH,mean_nep,4.6
R_dhsUh4PunZnqObz,mean_nep,4.2
R_dnCWkQjzaAdOzxb,mean_nep,1.6
R_dogKIS0XGm03C2p,mean_nep,3
R_e2uMOfaQ2XNjhyZ,mean_nep,5
R_e33J1ub9FfHSyot,mean_nep,3.4
R_e3cyMfhBdMk6D3L,mean_nep,4.2
R_e3zZsCSg0CiSPZj,mean_nep,5
R_e4Ih3i9Aa1nr9Ot,mean_nep,3.8
R_eaffsMkag0wCfOJ,mean_nep,4
R_eaMevRytmPlQRG5,mean_nep,3
R_ebAysdUZivGqkcJ,mean_nep,4.2
R_eEA6P0lDhzk7GhD,mean_nep,4
R_eeot0CF8zaFqtYp,mean_nep,2.8
R_eepEnr5BOdjrp9b,mean_nep,4.4
R_eh5pcVEURr1WeNv,mean_nep,3.2
R_eICzmsyOuWZXJ9X,mean_nep,4.8
R_eIPK6Ya5MMXPrhP,mean_nep,4.4
R_el22tcAF8oylTmJ,mean_nep,3.4
R_elE1gWpVuI014Et,mean_nep,4.2
R_eLqKxoiUzn5lum1,mean_nep,4.8
R_emLV4M5pLY6VEdT,mean_nep,4
R_emoq3AYZhc0zEr3,mean_nep,4
R_eSgMhuuFVr2bN5P,mean_nep,2
R_etD7MzYJ7zOuxUN,mean_nep,4.2
R_eUOvfJ7CNuFailT,mean_nep,4
R_ewCJvISccDpFbMx,mean_nep,2.4
R_eXKLQwf9XpktlmR,mean_nep,3.8
R_eycEeieXrYzisap,mean_nep,3.8
R_2gZzrWHmgbqM0LP,mean_nep,3.2
R_3eHmgQHFnS4STL7,mean_nep,3.8
R_4GzUjLh3S2c0q1L,mean_nep,3
R_6uvGyYGLHUGAAJv,mean_nep,3.4
R_74n6blPytasQNPn,mean_nep,5
R_bfs8r8hkPXkEJGl,mean_nep,4.6
R_4Z7dgqxQPC6fnBr,mean_nep,4
R_5yVMo4tqkV1of3L,mean_nep,3.6
R_cw46VUhKKksccEl,mean_nep,4.4
R_7Vhp1Tuopm40rFX,mean_nep,4.4
R_0oWwXewYpbwgTNX,mean_nep,4.8
R_2gIhRA96q3HNnzT,mean_nep,3.6
R_3UfFSPCQ8s6ZIMd,mean_nep,4
R_6QknmxyHTy4LkpL,mean_nep,3.8
R_6XaRkSzHHtkdA9v,mean_nep,4.2
R_8i6VbbG38Fmci2N,mean_nep,3
R_cuonXDpuAwB7EUd,mean_nep,3.2
R_0uiEagDZ8utTBJ3,mean_nep,5
R_1OhvFkVJPErdUc5,mean_nep,3.8
R_1YowFFJnbj4Cn09,mean_nep,5
R_3BHxg7xEcXZrZMF,mean_nep,4.2
R_3IqlfNx2hfYxxnD,mean_nep,5
R_40XchjhEy0nAmxL,mean_nep,2.8
R_4My9hc6sFmvKdBH,mean_nep,3.6
R_8c8AuB5J2crS6Il,mean_nep,3.2
R_8wee3dWnHR6iKBT,mean_nep,4.2
R_9zd9Kp835bJG3ml,mean_nep,4
R_cuuehDPFDRuBWxn,mean_nep,5
R_dhTsDTwirdNCXGZ,mean_nep,3
R_0p6vxKxaLOM0Vox,mean_nep,4.2
R_2f4bEgPRKzRiTNX,mean_nep,4.4
R_2iqXzNJaW9GXSdL,mean_nep,2.8
R_3r4vrsx373Jhgkl,mean_nep,4.4
R_4VN278d6PHU55eB,mean_nep,5
R_5jdQhnCqlYQYnZj,mean_nep,4.4
R_5nbEs2ZclGiccqp,mean_nep,4.4
R_5nkEqpFxUMekQIt,mean_nep,2.8
R_9YqueA12icepNPv,mean_nep,3.4
R_afSxZEcJmbBhUgJ,mean_nep,4.2
R_cRV5ic7cdPwDd1X,mean_nep,2.4
R_eaDEHuW687d6R37,mean_nep,4.4
R_er3efIHEv8lfgah,mean_nep,3.2
R_etD12acTHVo6w9T,mean_nep,3
R_ezFAqUG11Mqi0v3,mean_nep,5
R_8ohSCJwYDSbirQN,mean_nep,3.4
R_8xn6ieyQM4RCCl7,mean_nep,3
R_9sQEsdc3WvjJmFD,mean_nep,1.8
R_9Y7hZzEPId65hJj,mean_nep,3.8
R_b7b4q1XNdpUpzed,mean_nep,2
R_b7yL1FIXdxsd6OF,mean_nep,3.6
R_b9PimRqCXlZZPuZ,mean_nep,2.8
R_e4e09Tf648CkLAx,mean_nep,3.4
R_eQKQFE1A856u3Pv,mean_nep,3
R_7TFdGWuq4yWiVvv,mean_nep,3.8
R_24SCiMOX1WrmTwV,mean_nep,4.8
R_6tKvYgpRwpGKYIJ,mean_nep,4.4
R_eGbQ71Hj5U4bhml,mean_nep,4
R_0HTlmcKe5FrddvT,mean_nep,5
R_02Il4uscqNJuWBT,mean_nep,4.6
R_03dxZHgSxRRcU7P,mean_nep,4.4
R_0fEAnZ0L0SnIgdv,mean_nep,4.8
R_0HzpeHxYFAbzwqN,mean_nep,3.8
R_0lK5HskKZ1QhchL,mean_nep,4.2
R_0NiiDA0LUqBKurP,mean_nep,4.4
R_1XqfUEl4ZyIabvT,mean_nep,2.8
R_25g5cHZf8qidvg1,mean_nep,3.8
R_25JOudIl1Bb2gOV,mean_nep,3.2
R_3BPG1iRB2SAYv53,mean_nep,2.6
R_3jIaGS3rqT5KQ29,mean_nep,4.2
R_3mGJtMvjXL4RzEx,mean_nep,4.2
R_3sLyrCKhUEA5iPr,mean_nep,4.4
R_3Vjsp8uIcWjkMlL,mean_nep,4
R_42AOFcD8mMn1sNv,mean_nep,4.8
R_4IthKmgHNSfijaZ,mean_nep,3
R_4YM3Z11a6BePDaB,mean_nep,3.8
R_54GKsJiZ7KDpbcp,mean_nep,4.2
R_54lJ0DwiDgQkmzz,mean_nep,4.8
R_54pfYynpEFAvPwx,mean_nep,4.4
R_5vFl5h1swraARmd,mean_nep,4.4
R_6fiXZOdlZ67ceNL,mean_nep,4.4
R_6loeHiF2QwQm0QJ,mean_nep,5
R_6PxHJBxOhJQc4It,mean_nep,2
R_6rEMPZ6jxEWzWpn,mean_nep,4.4
R_6rQf5tvvvW00JQ9,mean_nep,3.8
R_74gDGFzRbg17jAV,mean_nep,3
R_78tNW32zHdAnvI9,mean_nep,4.6
R_7OI0txvPG1Ndt1r,mean_nep,2.8
R_7ZI9nBbS8V8jeq9,mean_nep,4
R_8A35Ep4FY0wNQmV,mean_nep,4.2
R_8vuug6voyuSHjpP,mean_nep,3.8
R_9B2xLMemFgPDDal,mean_nep,3.8
R_afQYvLDxQTVIUQd,mean_nep,4.8
R_ahrfMvYyioFro33,mean_nep,4
R_aYurtBVHOkIhPwh,mean_nep,2
R_b2x0tNPKzE8S4Qt,mean_nep,4.8
R_b8HhyEIcXvFDDmJ,mean_nep,3.8
R_bHq0aU04Fz4brO5,mean_nep,4.8
R_bNNE9KpWzq1Sy7X,mean_nep,4.8
R_bOYzr86DXvb249n,mean_nep,4.8
R_bpA2x94xv8xhjhz,mean_nep,3
R_bwHCL0bvTztLLql,mean_nep,2.4
R_cOYcEKS94gT6lWR,mean_nep,4.6
R_dbzwnErp9TWhYTr,mean_nep,3.6
R_e3P6K5pln04v8fb,mean_nep,4.6
R_eDqbEJUdasHpmU5,mean_nep,3.2
R_eFGDA9b5iFUkOIB,mean_nep,3.6
R_eFOllh6lCCc3nkV,mean_nep,4.4
R_ekEg6o8P5Tlsx6d,mean_nep,3.2
R_eOHNNDC7HcZ8szr,mean_nep,3.4
R_eVfldsb7MdgwbOJ,mean_nep,3.2
R_3UiZ3C6VnxZkuDr,mean_nep,5
R_8BQwbFdBUl9Ps8t,mean_nep,4
R_0ca6ARQoBohPc5T,mean_nep,4.6
R_3siZnTX4069v11X,mean_nep,4.4
R_5zEwqQU3Nx8NxtP,mean_nep,4.4
R_7VtR7o43v3unfBr,mean_nep,2.6
R_3pDAcn1zkHA76NT,mean_nep,3.4
R_8ojl9YrzpZYuk4t,mean_nep,4.6
R_dbcXzQUhGqs7QSF,mean_nep,4.2
R_0jo1GHSPQ9TFfY9,mean_nep,4
R_2tMHEQd2vOXpeQt,mean_nep,4.4
R_38BQM8ojvtQfXVP,mean_nep,4.6
R_d3WFRxD01cWJHQp,mean_nep,3.8
R_9mpG8C9qo1cIqrz,mean_nep,3.4
R_0BbFw5YG2F7Lzmt,mean_rel,3.83
R_0k7FkHKRojtTMup,mean_rel,4
R_0wSgxCUGcd1bXKJ,mean_rel,4
R_3t9tMyEF2YZanwV,mean_rel,4.17
R_4JwwBo0IGilUEkd,mean_rel,3.5
R_6rN52dcPT1pH0wZ,mean_rel,4.5
R_7364pEfSwZbety5,mean_rel,4.33
R_bC8FdAK6vJZsX1r,mean_rel,3.83
R_bJc9am6sm9ajtHf,mean_rel,3.83
R_bOU9Q57g5l66dlX,mean_rel,3.67
R_d5o2FCPWWgtizcx,mean_rel,3.5
R_dgNSvO0l9aymLYx,mean_rel,4.33
R_eDSmf8RhthpwKTr,mean_rel,2.83
R_eLlIHaesAqsqFZX,mean_rel,3.67
R_eR5IEwHotx12nVb,mean_rel,3.17
R_5u22Vyg67iBFZVb,mean_rel,4
R_8J40FdkztWi0QAJ,mean_rel,3.67
R_eXmR1gv8hanVQAB,mean_rel,2.83
R_06Y0lnVBn4wxJ3L,mean_rel,3.17
R_07AGQOGDunwlNtj,mean_rel,4.17
R_0ccMuYX35uxjiHH,mean_rel,3.67
R_0CJgoxE736KONEh,mean_rel,4.17
R_0cR05LOhW7P7qIJ,mean_rel,3.5
R_0cuvRoyOulek00R,mean_rel,4.33
R_0dENC7slP3a5Rd3,mean_rel,3.5
R_0DMHiyIBCc8lqvj,mean_rel,3
R_0DnMj6rXovPR6NT,mean_rel,3.17
R_0DNRjAxdsB6W4jX,mean_rel,4.5
R_0eVImlwn2BEANIF,mean_rel,3.67
R_0HbxWvLhImRT7IV,mean_rel,2.83
R_0iHp12NIO4D2gMl,mean_rel,3.67
R_0iY9dELpvzn4Kih,mean_rel,3.67
R_0j3xYhj7RdPLFwp,mean_rel,3.17
R_0Mp0vazEMGmusrH,mean_rel,3.33
R_0N8eYana0RLX9UF,mean_rel,4
R_0NeD22cad3dbpvn,mean_rel,2.83
R_0NRtMV8VBYoLZpb,mean_rel,3.67
R_0oGsLWMorV4Bk1f,mean_rel,4
R_0PwlUujFg5mZFGJ,mean_rel,3.33
R_0qvNtw9fFcThH25,mean_rel,4.67
R_0TmUsFFK76t4dCZ,mean_rel,4
R_0vbLkr44iCanyK1,mean_rel,4.17
R_0vPMCZv5m2HGGiN,mean_rel,3.17
R_0Vuxzafv7zVAfIx,mean_rel,3.6
R_0VwcmZkYWSpWUAZ,mean_rel,3.5
R_1CebzxO1cVRmZql,mean_rel,3.33
R_1FiDWtIbMBT6AzH,mean_rel,3.83
R_1FzXdFvpLcrq56J,mean_rel,2.83
R_1GDT2JHtbi6pfet,mean_rel,3.83
R_1MlDClqRa9h7g5D,mean_rel,2.67
R_1NRgzUxHONK9Jtz,mean_rel,3.67
R_1RgdZ3Vv2lNWZYV,mean_rel,3
R_1Sb0LO16Jx5TcCV,mean_rel,4.5
R_1UmdGA1GogGWe5n,mean_rel,3.17
R_1XkWisNy2AsUpZH,mean_rel,3.17
R_244JNf9FXQ3l1Fr,mean_rel,4.17
R_244Quh8Fc3tsb0p,mean_rel,3.33
R_25g7WY80OPq9fHT,mean_rel,3.67
R_261uEZqFeKUH3AF,mean_rel,3
R_2ajvFuQFZExQl3n,mean_rel,4.17
R_2b1hdLIwKkoNip7,mean_rel,4
R_2co2HL7fSkRYHYN,mean_rel,3
R_2mcTLMyd4nfnWPX,mean_rel,3.83
R_2nuErdw9OW7GWiN,mean_rel,3.33
R_2t3UDaqQVWHDjvf,mean_rel,3.5
R_2tpYgwkvkSFK45L,mean_rel,3.67
R_2tWfXopTD51sAkt,mean_rel,4
R_2udElqUm8L6HSGF,mean_rel,4
R_2uhPW86zEamu8ap,mean_rel,3.17
R_37CtGcT1HWsBqGF,mean_rel,3
R_3Dw9IrzI1itpybr,mean_rel,3.5
R_3dybDH3gB3W6grX,mean_rel,3.67
R_3elaznfMNeSVX1j,mean_rel,4.4
R_3JiBpZ5qfHDbJtz,mean_rel,4
R_3K3bcpvjXtCH32B,mean_rel,3.83
R_3K4YYu69VKmc01n,mean_rel,2.5
R_3kM8DIimavIwNhj,mean_rel,4.33
R_3krtH3eq05A5Mpf,mean_rel,3.67
R_3LfDMnA3qEuedUx,mean_rel,4
R_3mAA8qe7emsvCbb,mean_rel,3.33
R_3mkdqQYUUok7oEZ,mean_rel,4.17
R_3mxEEvGPnogvQKp,mean_rel,3.67
R_3n6wJgesn7ivrbT,mean_rel,3.83
R_3OavzhNiGtTJt89,mean_rel,4
R_3qvo4fVxSy5Fk0Z,mean_rel,4.17
R_3RfTbBauwzdBfV3,mean_rel,2.83
R_3UTnT50f1jWpaF7,mean_rel,2.83
R_3vEn2mZxaExQxCJ,mean_rel,3.83
R_3vIN0Gt4GOykklL,mean_rel,3.4
R_3ViniLdqtYkUM1n,mean_rel,4.17
R_3VLGT3hUBDetMtT,mean_rel,3
R_3VnUbFlpfJ3Cl5H,mean_rel,3.83
R_3VOIs4RZ8lGlJjL,mean_rel,3.67
R_3W76O9yPDdwJxDD,mean_rel,3.83
R_41tJIld8tHgYVH7,mean_rel,3.5
R_4ME0EXGMx0uGEZv,mean_rel,3.33
R_4Obwgz5yXr8Q3RP,mean_rel,3.67
R_4T2ELhai4gkcMId,mean_rel,3.83
R_4UszAknxHX1fcMd,mean_rel,3.67
R_4Vhw34Ky39LASoZ,mean_rel,3.5
R_4Z0Y1kYXgWdDSf3,mean_rel,3.67
R_4ZLFXfUxyZAqyFf,mean_rel,4
R_4ZmRsf3Jg7xcJdH,mean_rel,5
R_50bTj8paHBwSlHD,mean_rel,3.5
R_55qQpaisGvSjSS1,mean_rel,4.33
R_56JZsLk5so0ia0Z,mean_rel,3.5
R_5ALEck3XOWIRRf7,mean_rel,3.67
R_5Ao3wv4u5dMDnvf,mean_rel,3.67
R_5bBg3UlRcT9zQXz,mean_rel,3.5
R_5BGLiu7ObeccajP,mean_rel,3.17
R_5Bzvn7OZ1Ql7D1z,mean_rel,3.83
R_5cGeZbsxb2e2HEF,mean_rel,4
R_5cKUhdhMsebiGlT,mean_rel,4
R_5dvDU4xC3PMBpUF,mean_rel,3.5
R_5i0au36wPN2VtJ3,mean_rel,2.67
R_5mMMkal0oe6JG1T,mean_rel,4.33
R_5ndSEURIN8H1bSJ,mean_rel,4.33
R_5nDu09Ohy36sjVr,mean_rel,4.17
R_5ut2tqTHns5SeQB,mean_rel,4
R_5vwhuShCk2H3fw1,mean_rel,3.17
R_5w439KNNQxKMf9H,mean_rel,3.5
R_6DalweIymPAufM9,mean_rel,4.17
R_6DuQ2ejBJhSrXy5,mean_rel,3.33
R_6eWLlRj99hivOEl,mean_rel,3.67
R_6fHtAi514WJaiGx,mean_rel,4.17
R_6Gd3llQdQpVornD,mean_rel,3.67
R_6JRf3ZMco16QsSN,mean_rel,3.33
R_6kUNkAbZYipCJJr,mean_rel,3.83
R_6KzcPDlHa16dpxr,mean_rel,3.17
R_6L1FceTSxoVJpmR,mean_rel,3.5
R_6mbcyrj4wmFuEV7,mean_rel,3.67
R_6mVB9yxTAbOOii1,mean_rel,3.67
R_6nfI0zvXDXzSLhr,mean_rel,4.33
R_6P5qGwDAlA0tRM9,mean_rel,3.67
R_6PxAP7IAnkSd1tj,mean_rel,3.67
R_6PXRlYCPNLWkyEZ,mean_rel,4.17
R_6Q2bKss6ad5PRAN,mean_rel,5
R_6QIHyPaXoQzNeqF,mean_rel,3.83
R_6rJc8bEtejdvTJr,mean_rel,4.17
R_6RLjg7evicLqQER,mean_rel,3.5
R_6S9623OwcAKEcFn,mean_rel,3.83
R_6sVd1MweY9SicqF,mean_rel,3.17
R_6teJEBpxwITFEeF,mean_rel,3.33
R_6VuQlrLPWH4RnMx,mean_rel,4.5
R_6zFMEXiuo6JhBxX,mean_rel,4.17
R_71iNBFYHgguGso5,mean_rel,4
R_74jwdrwcyshimix,mean_rel,4.17
R_74LJ8nixoVPRv81,mean_rel,3.67
R_74mK9ZOkbE0WEnP,mean_rel,3.67
R_77BfnjlVOWOW1y5,mean_rel,4.17
R_77ekb9Cqx0dSACN,mean_rel,4.33
R_78HXVWjXQKQgbrv,mean_rel,3.5
R_79BO6LOktjfGe2x,mean_rel,3.5
R_7NwFnzITm6AMlcp,mean_rel,4.17
R_7Og2Hxys5yl6m7H,mean_rel,3.17
R_7OoNH8Qb3uBnaW9,mean_rel,3.33
R_7R3j2aVNBbOKO21,mean_rel,4.33
R_81VySqk5NT9vGxT,mean_rel,4.17
R_82Py6qhFA9ja7VH,mean_rel,3.33
R_86RtqwQWvDwihUN,mean_rel,3.5
R_8bL6I05G7NV5TqB,mean_rel,3.67
R_8CeLwJuUrJIFbiR,mean_rel,3.83
R_8cTb4VIGELREwHX,mean_rel,3.67
R_8dicYIpm2nFQfiJ,mean_rel,4.33
R_8dJVk5zGuA4Ncmp,mean_rel,3
R_8e8rphJ7hGXMkGF,mean_rel,4
R_8H569CAJCPI3gEt,mean_rel,3.67
R_8HVtyNezMgl4FFj,mean_rel,3.5
R_8iFELvYBcFeQjCR,mean_rel,3.67
R_8iGFBKFtCpmmrXf,mean_rel,3.33
R_8IghlH19w1pw4uh,mean_rel,4
R_8IL64Ln8taMW3JP,mean_rel,4.33
R_8v8fFiriLGfB3VP,mean_rel,3.67
R_8vVdzf54XCFnO73,mean_rel,3.83
R_8xl0a3uNONomiup,mean_rel,3.67
R_9AXCsuRHBqoimvb,mean_rel,2.83
R_9EPzxpmB2vpiQCN,mean_rel,3.5
R_9EqxUElUr0iPF9X,mean_rel,4.17
R_9KWMsZb0bZjK4Pb,mean_rel,4.33
R_9KwPmcHqGwceDEV,mean_rel,4.33
R_9KxPOB0jpRJu8WF,mean_rel,3.67
R_9p2crtBGTm54x6J,mean_rel,3.5
R_9pJg1YTxQCcX6Yd,mean_rel,3.33
R_9QU6RW8NLOyiESh,mean_rel,2.67
R_9S3apTJcJ7QG6Rn,mean_rel,4
R_9t82UbQHVZ87Bqd,mean_rel,3.83
R_9tN81z8VG7IYvo9,mean_rel,3.83
R_9toXwBOO5RJRFkh,mean_rel,3.5
R_9XroaYNZJfDoqGN,mean_rel,3.17
R_9Y0d73UAxa76Del,mean_rel,3.83
R_9yk8jZZLJEkerT7,mean_rel,3.2
R_9YSE6ASb2YFyqNf,mean_rel,4.33
R_9ZAsE9UBgdjlYgt,mean_rel,3.5
R_9ZhhNFePbsgpEA5,mean_rel,3.83
R_a2HfDjdqyEhkt3T,mean_rel,3.67
R_a2z0hWSnOiQQHKB,mean_rel,4.33
R_a3E2KGTJdHJC6pL,mean_rel,3.33
R_a95ajFzwK6sha0R,mean_rel,4.33
R_ab22AooETQQFOdL,mean_rel,3.67
R_afqYVUFMoHSxxfT,mean_rel,3.33
R_ag6JHiFNXubHXDv,mean_rel,3.83
R_agHj3eq49kGzGGV,mean_rel,4.33
R_ahCqfjWZyn1YwPH,mean_rel,4
R_aVmtXz2i254vnEx,mean_rel,3.17
R_aY4SBJKtQSyF0vX,mean_rel,3.5
R_aY7FOdPNPZCH22F,mean_rel,3.67
R_aYv8mHBZlj0CRq5,mean_rel,3.17
R_b1KCSfREOEJfmtv,mean_rel,3.5
R_b1q0VxsvuP4xWrb,mean_rel,3.83
R_b3GxGMw8QThLyBv,mean_rel,3.67
R_b8wu6cwP3lxBOJv,mean_rel,4.33
R_b9K0jFJ8Lbw6YxT,mean_rel,3.67
R_b9rW9Ri4Zl2u7Xv,mean_rel,3.5
R_baa2Mxag7IwQRsp,mean_rel,3.83
R_bClxERZDA7gvv0N,mean_rel,3.5
R_bCvpOiyDDjgNIlT,mean_rel,2.83
R_bdBt4ubvlmYn29n,mean_rel,3
R_bedlXxHaLECHU6V,mean_rel,4
R_bEnSb3whMfZaP1H,mean_rel,2.67
R_bI3M4wTLhxu4OK9,mean_rel,4
R_bm6GrtBpNTeYNQp,mean_rel,3.33
R_bNTkn5kWlYmrCuN,mean_rel,4.33
R_bpvitqE4cXBkRKd,mean_rel,4.4
R_bPWsuZu6tR2NS17,mean_rel,3.33
R_bqhdczjeGHpyohT,mean_rel,3.67
R_brNlZkLKzMOuUqV,mean_rel,4.33
R_bybYkahi5ayo1ox,mean_rel,3.83
R_byMQ3iVmIqbgNUh,mean_rel,3.5
R_cA54GCklhlgeoOF,mean_rel,4.83
R_cBIdhWeV5SUWtKd,mean_rel,3.33
R_cBJqORad18yFTk9,mean_rel,3.83
R_cBKCSlPlA2I42qx,mean_rel,3
R_cC77pr8ZV3WENs9,mean_rel,4.5
R_cDdiCuPVOwRO3at,mean_rel,3
R_cN2EX7Fmw5AK5W5,mean_rel,3.33
R_cPadPm027lzVned,mean_rel,4.33
R_cRPwpnnPEe45Yax,mean_rel,4.17
R_cSJ1RbHQafhfw2x,mean_rel,4.17
R_cUSGSICZizH4ibP,mean_rel,3.33
R_cvcRRTXyJZG42Wx,mean_rel,4.33
R_cVkumCviUibfpwV,mean_rel,3.67
R_d0Vkm9FXus6u2Xj,mean_rel,3.17
R_d1hqGSfRusB2WYB,mean_rel,3.17
R_d4gxMC1tfFzsB1j,mean_rel,3.67
R_d5NFyjFU4mtTovr,mean_rel,3.67
R_d6ETQfzFpqQymhL,mean_rel,4.33
R_d6Gd6yVxVpfiIjb,mean_rel,4
R_dg67SVAkMvbqjNH,mean_rel,3.83
R_dhsUh4PunZnqObz,mean_rel,3.33
R_dnCWkQjzaAdOzxb,mean_rel,3.67
R_dogKIS0XGm03C2p,mean_rel,4
R_e2uMOfaQ2XNjhyZ,mean_rel,3.67
R_e33J1ub9FfHSyot,mean_rel,3.5
R_e3cyMfhBdMk6D3L,mean_rel,4
R_e3zZsCSg0CiSPZj,mean_rel,4.33
R_e4Ih3i9Aa1nr9Ot,mean_rel,3.67
R_eaffsMkag0wCfOJ,mean_rel,3.33
R_eaMevRytmPlQRG5,mean_rel,3.33
R_ebAysdUZivGqkcJ,mean_rel,3.83
R_eEA6P0lDhzk7GhD,mean_rel,3
R_eeot0CF8zaFqtYp,mean_rel,2.67
R_eepEnr5BOdjrp9b,mean_rel,4
R_eh5pcVEURr1WeNv,mean_rel,3.67
R_eICzmsyOuWZXJ9X,mean_rel,4
R_eIPK6Ya5MMXPrhP,mean_rel,4
R_el22tcAF8oylTmJ,mean_rel,3.33
R_elE1gWpVuI014Et,mean_rel,3.83
R_eLqKxoiUzn5lum1,mean_rel,4
R_emLV4M5pLY6VEdT,mean_rel,4
R_emoq3AYZhc0zEr3,mean_rel,3.33
R_eSgMhuuFVr2bN5P,mean_rel,4.33
R_etD7MzYJ7zOuxUN,mean_rel,4.33
R_eUOvfJ7CNuFailT,mean_rel,3.83
R_ewCJvISccDpFbMx,mean_rel,3.67
R_eXKLQwf9XpktlmR,mean_rel,3.83
R_eycEeieXrYzisap,mean_rel,3.83
R_2gZzrWHmgbqM0LP,mean_rel,3.5
R_3eHmgQHFnS4STL7,mean_rel,3.5
R_4GzUjLh3S2c0q1L,mean_rel,3.67
R_6uvGyYGLHUGAAJv,mean_rel,4.5
R_74n6blPytasQNPn,mean_rel,3.67
R_bfs8r8hkPXkEJGl,mean_rel,4
R_4Z7dgqxQPC6fnBr,mean_rel,3.17
R_5yVMo4tqkV1of3L,mean_rel,2.17
R_cw46VUhKKksccEl,mean_rel,3.5
R_7Vhp1Tuopm40rFX,mean_rel,3.67
R_0oWwXewYpbwgTNX,mean_rel,3.67
R_2gIhRA96q3HNnzT,mean_rel,3.17
R_3UfFSPCQ8s6ZIMd,mean_rel,4.33
R_6QknmxyHTy4LkpL,mean_rel,3.83
R_6XaRkSzHHtkdA9v,mean_rel,4.33
R_8i6VbbG38Fmci2N,mean_rel,3.67
R_cuonXDpuAwB7EUd,mean_rel,3.17
R_0uiEagDZ8utTBJ3,mean_rel,4.83
R_1OhvFkVJPErdUc5,mean_rel,2.83
R_1YowFFJnbj4Cn09,mean_rel,4.5
R_3BHxg7xEcXZrZMF,mean_rel,3.17
R_3IqlfNx2hfYxxnD,mean_rel,3.33
R_40XchjhEy0nAmxL,mean_rel,4.5
R_4My9hc6sFmvKdBH,mean_rel,3.67
R_8c8AuB5J2crS6Il,mean_rel,3.17
R_8wee3dWnHR6iKBT,mean_rel,4
R_9zd9Kp835bJG3ml,mean_rel,3.33
R_cuuehDPFDRuBWxn,mean_rel,4.33
R_dhTsDTwirdNCXGZ,mean_rel,3.17
R_0p6vxKxaLOM0Vox,mean_rel,3.67
R_2f4bEgPRKzRiTNX,mean_rel,3.83
R_2iqXzNJaW9GXSdL,mean_rel,3.33
R_3r4vrsx373Jhgkl,mean_rel,3.5
R_4VN278d6PHU55eB,mean_rel,4.5
R_5jdQhnCqlYQYnZj,mean_rel,4.17
R_5nbEs2ZclGiccqp,mean_rel,3.5
R_5nkEqpFxUMekQIt,mean_rel,2.33
R_9YqueA12icepNPv,mean_rel,3.17
R_afSxZEcJmbBhUgJ,mean_rel,3.33
R_cRV5ic7cdPwDd1X,mean_rel,3.5
R_eaDEHuW687d6R37,mean_rel,4.5
R_er3efIHEv8lfgah,mean_rel,2.33
R_etD12acTHVo6w9T,mean_rel,4.33
R_ezFAqUG11Mqi0v3,mean_rel,4.33
R_8ohSCJwYDSbirQN,mean_rel,3.67
R_8xn6ieyQM4RCCl7,mean_rel,2.67
R_9sQEsdc3WvjJmFD,mean_rel,3
R_9Y7hZzEPId65hJj,mean_rel,3.67
R_b7b4q1XNdpUpzed,mean_rel,3.5
R_b7yL1FIXdxsd6OF,mean_rel,4
R_b9PimRqCXlZZPuZ,mean_rel,3.33
R_e4e09Tf648CkLAx,mean_rel,3.67
R_eQKQFE1A856u3Pv,mean_rel,3.5
R_7TFdGWuq4yWiVvv,mean_rel,4
R_24SCiMOX1WrmTwV,mean_rel,3.67
R_6tKvYgpRwpGKYIJ,mean_rel,4
R_eGbQ71Hj5U4bhml,mean_rel,3.67
R_0HTlmcKe5FrddvT,mean_rel,4.33
R_02Il4uscqNJuWBT,mean_rel,4.17
R_03dxZHgSxRRcU7P,mean_rel,3.67
R_0fEAnZ0L0SnIgdv,mean_rel,3.83
R_0HzpeHxYFAbzwqN,mean_rel,4
R_0lK5HskKZ1QhchL,mean_rel,4.33
R_0NiiDA0LUqBKurP,mean_rel,4.17
R_1XqfUEl4ZyIabvT,mean_rel,3
R_25g5cHZf8qidvg1,mean_rel,4
R_25JOudIl1Bb2gOV,mean_rel,3.33
R_3BPG1iRB2SAYv53,mean_rel,3.67
R_3jIaGS3rqT5KQ29,mean_rel,3.83
R_3mGJtMvjXL4RzEx,mean_rel,3.83
R_3sLyrCKhUEA5iPr,mean_rel,3.83
R_3Vjsp8uIcWjkMlL,mean_rel,3.67
R_42AOFcD8mMn1sNv,mean_rel,4.33
R_4IthKmgHNSfijaZ,mean_rel,4
R_4YM3Z11a6BePDaB,mean_rel,4
R_54GKsJiZ7KDpbcp,mean_rel,4
R_54lJ0DwiDgQkmzz,mean_rel,4.33
R_54pfYynpEFAvPwx,mean_rel,4
R_5vFl5h1swraARmd,mean_rel,3.67
R_6fiXZOdlZ67ceNL,mean_rel,3.83
R_6loeHiF2QwQm0QJ,mean_rel,4.17
R_6PxHJBxOhJQc4It,mean_rel,3.33
R_6rEMPZ6jxEWzWpn,mean_rel,4.67
R_6rQf5tvvvW00JQ9,mean_rel,4
R_74gDGFzRbg17jAV,mean_rel,3.83
R_78tNW32zHdAnvI9,mean_rel,4.33
R_7OI0txvPG1Ndt1r,mean_rel,3.67
R_7ZI9nBbS8V8jeq9,mean_rel,3.5
R_8A35Ep4FY0wNQmV,mean_rel,4
R_8vuug6voyuSHjpP,mean_rel,3.5
R_9B2xLMemFgPDDal,mean_rel,3.67
R_afQYvLDxQTVIUQd,mean_rel,3.33
R_ahrfMvYyioFro33,mean_rel,3.5
R_aYurtBVHOkIhPwh,mean_rel,2.5
R_b2x0tNPKzE8S4Qt,mean_rel,3.83
R_b8HhyEIcXvFDDmJ,mean_rel,3.83
R_bHq0aU04Fz4brO5,mean_rel,4.17
R_bNNE9KpWzq1Sy7X,mean_rel,4.33
R_bOYzr86DXvb249n,mean_rel,4.5
R_bpA2x94xv8xhjhz,mean_rel,3.17
R_bwHCL0bvTztLLql,mean_rel,1.83
R_cOYcEKS94gT6lWR,mean_rel,3.5
R_dbzwnErp9TWhYTr,mean_rel,4.17
R_e3P6K5pln04v8fb,mean_rel,2.83
R_eDqbEJUdasHpmU5,mean_rel,3
R_eFGDA9b5iFUkOIB,mean_rel,3.83
R_eFOllh6lCCc3nkV,mean_rel,4.17
R_ekEg6o8P5Tlsx6d,mean_rel,3.17
R_eOHNNDC7HcZ8szr,mean_rel,3.83
R_eVfldsb7MdgwbOJ,mean_rel,3.67
R_3UiZ3C6VnxZkuDr,mean_rel,4.33
R_8BQwbFdBUl9Ps8t,mean_rel,3.83
R_0ca6ARQoBohPc5T,mean_rel,5
R_3siZnTX4069v11X,mean_rel,3.33
R_5zEwqQU3Nx8NxtP,mean_rel,3.67
R_7VtR7o43v3unfBr,mean_rel,3.83
R_3pDAcn1zkHA76NT,mean_rel,3.33
R_8ojl9YrzpZYuk4t,mean_rel,3.5
R_dbcXzQUhGqs7QSF,mean_rel,3.33
R_0jo1GHSPQ9TFfY9,mean_rel,3.33
R_2tMHEQd2vOXpeQt,mean_rel,3.67
R_38BQM8ojvtQfXVP,mean_rel,3.83
R_d3WFRxD01cWJHQp,mean_rel,3.33
R_9mpG8C9qo1cIqrz,mean_rel,3.5
R_0BbFw5YG2F7Lzmt,mean_met,1.25
R_0k7FkHKRojtTMup,mean_met,1.75
R_0wSgxCUGcd1bXKJ,mean_met,1.5
R_3t9tMyEF2YZanwV,mean_met,1.5
R_4JwwBo0IGilUEkd,mean_met,2.5
R_6rN52dcPT1pH0wZ,mean_met,1.75
R_7364pEfSwZbety5,mean_met,1
R_bC8FdAK6vJZsX1r,mean_met,2.5
R_bJc9am6sm9ajtHf,mean_met,2.25
R_bOU9Q57g5l66dlX,mean_met,1
R_d5o2FCPWWgtizcx,mean_met,2
R_dgNSvO0l9aymLYx,mean_met,1
R_eDSmf8RhthpwKTr,mean_met,2.75
R_eLlIHaesAqsqFZX,mean_met,2.5
R_eR5IEwHotx12nVb,mean_met,3.5
R_5u22Vyg67iBFZVb,mean_met,2
R_8J40FdkztWi0QAJ,mean_met,3.5
R_eXmR1gv8hanVQAB,mean_met,4.5
R_06Y0lnVBn4wxJ3L,mean_met,3
R_07AGQOGDunwlNtj,mean_met,1
R_0ccMuYX35uxjiHH,mean_met,2.5
R_0CJgoxE736KONEh,mean_met,1.75
R_0cR05LOhW7P7qIJ,mean_met,3.25
R_0cuvRoyOulek00R,mean_met,1.5
R_0dENC7slP3a5Rd3,mean_met,3
R_0DMHiyIBCc8lqvj,mean_met,3.5
R_0DnMj6rXovPR6NT,mean_met,2
R_0DNRjAxdsB6W4jX,mean_met,1.25
R_0eVImlwn2BEANIF,mean_met,3
R_0HbxWvLhImRT7IV,mean_met,2.5
R_0iHp12NIO4D2gMl,mean_met,2
R_0iY9dELpvzn4Kih,mean_met,2
R_0j3xYhj7RdPLFwp,mean_met,2.75
R_0Mp0vazEMGmusrH,mean_met,3
R_0N8eYana0RLX9UF,mean_met,1.75
R_0NeD22cad3dbpvn,mean_met,3
R_0NRtMV8VBYoLZpb,mean_met,1.75
R_0oGsLWMorV4Bk1f,mean_met,1.75
R_0PwlUujFg5mZFGJ,mean_met,3.5
R_0qvNtw9fFcThH25,mean_met,1
R_0TmUsFFK76t4dCZ,mean_met,2.25
R_0vbLkr44iCanyK1,mean_met,1
R_0vPMCZv5m2HGGiN,mean_met,2.75
R_0Vuxzafv7zVAfIx,mean_met,3
R_0VwcmZkYWSpWUAZ,mean_met,3.5
R_1CebzxO1cVRmZql,mean_met,4
R_1FiDWtIbMBT6AzH,mean_met,2.25
R_1FzXdFvpLcrq56J,mean_met,3.75
R_1GDT2JHtbi6pfet,mean_met,1
R_1MlDClqRa9h7g5D,mean_met,3
R_1NRgzUxHONK9Jtz,mean_met,2
R_1RgdZ3Vv2lNWZYV,mean_met,3.25
R_1Sb0LO16Jx5TcCV,mean_met,2
R_1UmdGA1GogGWe5n,mean_met,2.75
R_1XkWisNy2AsUpZH,mean_met,3
R_244JNf9FXQ3l1Fr,mean_met,2.25
R_244Quh8Fc3tsb0p,mean_met,3.25
R_25g7WY80OPq9fHT,mean_met,3.25
R_261uEZqFeKUH3AF,mean_met,3
R_2ajvFuQFZExQl3n,mean_met,1.5
R_2b1hdLIwKkoNip7,mean_met,2.5
R_2co2HL7fSkRYHYN,mean_met,3.25
R_2mcTLMyd4nfnWPX,mean_met,1.5
R_2nuErdw9OW7GWiN,mean_met,2
R_2t3UDaqQVWHDjvf,mean_met,3.25
R_2tpYgwkvkSFK45L,mean_met,3
R_2tWfXopTD51sAkt,mean_met,3
R_2udElqUm8L6HSGF,mean_met,2.25
R_2uhPW86zEamu8ap,mean_met,2.75
R_37CtGcT1HWsBqGF,mean_met,3.5
R_3Dw9IrzI1itpybr,mean_met,2.25
R_3dybDH3gB3W6grX,mean_met,2.75
R_3elaznfMNeSVX1j,mean_met,1.5
R_3JiBpZ5qfHDbJtz,mean_met,1.5
R_3K3bcpvjXtCH32B,mean_met,3
R_3K4YYu69VKmc01n,mean_met,5
R_3kM8DIimavIwNhj,mean_met,1
R_3krtH3eq05A5Mpf,mean_met,1
R_3LfDMnA3qEuedUx,mean_met,1.25
R_3mAA8qe7emsvCbb,mean_met,3.25
R_3mkdqQYUUok7oEZ,mean_met,2
R_3mxEEvGPnogvQKp,mean_met,3
R_3n6wJgesn7ivrbT,mean_met,2.5
R_3OavzhNiGtTJt89,mean_met,1.75
R_3qvo4fVxSy5Fk0Z,mean_met,1.75
R_3RfTbBauwzdBfV3,mean_met,3.5
R_3UTnT50f1jWpaF7,mean_met,3.75
R_3vEn2mZxaExQxCJ,mean_met,3
R_3vIN0Gt4GOykklL,mean_met,3.25
R_3ViniLdqtYkUM1n,mean_met,1.25
R_3VLGT3hUBDetMtT,mean_met,3
R_3VnUbFlpfJ3Cl5H,mean_met,3.25
R_3VOIs4RZ8lGlJjL,mean_met,2
R_3W76O9yPDdwJxDD,mean_met,2
R_41tJIld8tHgYVH7,mean_met,3.25
R_4ME0EXGMx0uGEZv,mean_met,3.25
R_4Obwgz5yXr8Q3RP,mean_met,2.25
R_4T2ELhai4gkcMId,mean_met,2.75
R_4UszAknxHX1fcMd,mean_met,2.5
R_4Vhw34Ky39LASoZ,mean_met,2
R_4Z0Y1kYXgWdDSf3,mean_met,2.5
R_4ZLFXfUxyZAqyFf,mean_met,2.25
R_4ZmRsf3Jg7xcJdH,mean_met,1
R_50bTj8paHBwSlHD,mean_met,3
R_55qQpaisGvSjSS1,mean_met,1.25
R_56JZsLk5so0ia0Z,mean_met,3.5
R_5ALEck3XOWIRRf7,mean_met,2
R_5Ao3wv4u5dMDnvf,mean_met,1.33
R_5bBg3UlRcT9zQXz,mean_met,2.25
R_5BGLiu7ObeccajP,mean_met,4.25
R_5Bzvn7OZ1Ql7D1z,mean_met,1.5
R_5cGeZbsxb2e2HEF,mean_met,2.75
R_5cKUhdhMsebiGlT,mean_met,1.75
R_5dvDU4xC3PMBpUF,mean_met,2.5
R_5i0au36wPN2VtJ3,mean_met,4
R_5mMMkal0oe6JG1T,mean_met,1
R_5ndSEURIN8H1bSJ,mean_met,1.25
R_5nDu09Ohy36sjVr,mean_met,2
R_5ut2tqTHns5SeQB,mean_met,1.75
R_5vwhuShCk2H3fw1,mean_met,3.5
R_5w439KNNQxKMf9H,mean_met,1.5
R_6DalweIymPAufM9,mean_met,1
R_6DuQ2ejBJhSrXy5,mean_met,2.5
R_6eWLlRj99hivOEl,mean_met,2.75
R_6fHtAi514WJaiGx,mean_met,2
R_6Gd3llQdQpVornD,mean_met,2.25
R_6JRf3ZMco16QsSN,mean_met,3.75
R_6kUNkAbZYipCJJr,mean_met,3.25
R_6KzcPDlHa16dpxr,mean_met,3.75
R_6L1FceTSxoVJpmR,mean_met,2.5
R_6mbcyrj4wmFuEV7,mean_met,2.5
R_6mVB9yxTAbOOii1,mean_met,1.25
R_6nfI0zvXDXzSLhr,mean_met,1.5
R_6P5qGwDAlA0tRM9,mean_met,2.5
R_6PxAP7IAnkSd1tj,mean_met,2.25
R_6PXRlYCPNLWkyEZ,mean_met,2.75
R_6Q2bKss6ad5PRAN,mean_met,1.75
R_6QIHyPaXoQzNeqF,mean_met,2.25
R_6rJc8bEtejdvTJr,mean_met,2.25
R_6RLjg7evicLqQER,mean_met,2.25
R_6S9623OwcAKEcFn,mean_met,1.25
R_6sVd1MweY9SicqF,mean_met,3.25
R_6teJEBpxwITFEeF,mean_met,3.25
R_6VuQlrLPWH4RnMx,mean_met,2
R_6zFMEXiuo6JhBxX,mean_met,2.75
R_71iNBFYHgguGso5,mean_met,2.25
R_74jwdrwcyshimix,mean_met,2.25
R_74LJ8nixoVPRv81,mean_met,2
R_74mK9ZOkbE0WEnP,mean_met,2.25
R_77BfnjlVOWOW1y5,mean_met,2.5
R_77ekb9Cqx0dSACN,mean_met,3.25
R_78HXVWjXQKQgbrv,mean_met,3
R_79BO6LOktjfGe2x,mean_met,2
R_7NwFnzITm6AMlcp,mean_met,1.5
R_7Og2Hxys5yl6m7H,mean_met,2
R_7OoNH8Qb3uBnaW9,mean_met,2.75
R_7R3j2aVNBbOKO21,mean_met,2.5
R_81VySqk5NT9vGxT,mean_met,1.5
R_82Py6qhFA9ja7VH,mean_met,3.5
R_86RtqwQWvDwihUN,mean_met,2.25
R_8bL6I05G7NV5TqB,mean_met,1.75
R_8CeLwJuUrJIFbiR,mean_met,1.75
R_8cTb4VIGELREwHX,mean_met,2.75
R_8dicYIpm2nFQfiJ,mean_met,1
R_8dJVk5zGuA4Ncmp,mean_met,2.75
R_8e8rphJ7hGXMkGF,mean_met,2.75
R_8H569CAJCPI3gEt,mean_met,1.25
R_8HVtyNezMgl4FFj,mean_met,2.25
R_8iFELvYBcFeQjCR,mean_met,2.75
R_8iGFBKFtCpmmrXf,mean_met,3.5
R_8IghlH19w1pw4uh,mean_met,2.75
R_8IL64Ln8taMW3JP,mean_met,2
R_8v8fFiriLGfB3VP,mean_met,1.25
R_8vVdzf54XCFnO73,mean_met,1.75
R_8xl0a3uNONomiup,mean_met,2.25
R_9AXCsuRHBqoimvb,mean_met,3.75
R_9EPzxpmB2vpiQCN,mean_met,3
R_9EqxUElUr0iPF9X,mean_met,1.5
R_9KWMsZb0bZjK4Pb,mean_met,1.25
R_9KwPmcHqGwceDEV,mean_met,1.75
R_9KxPOB0jpRJu8WF,mean_met,2.5
R_9p2crtBGTm54x6J,mean_met,3
R_9pJg1YTxQCcX6Yd,mean_met,3
R_9QU6RW8NLOyiESh,mean_met,3
R_9S3apTJcJ7QG6Rn,mean_met,1.75
R_9t82UbQHVZ87Bqd,mean_met,2
R_9tN81z8VG7IYvo9,mean_met,2.5
R_9toXwBOO5RJRFkh,mean_met,2.75
R_9XroaYNZJfDoqGN,mean_met,3.5
R_9Y0d73UAxa76Del,mean_met,2.75
R_9yk8jZZLJEkerT7,mean_met,3
R_9YSE6ASb2YFyqNf,mean_met,1
R_9ZAsE9UBgdjlYgt,mean_met,3.75
R_9ZhhNFePbsgpEA5,mean_met,2.25
R_a2HfDjdqyEhkt3T,mean_met,2
R_a2z0hWSnOiQQHKB,mean_met,1.25
R_a3E2KGTJdHJC6pL,mean_met,1.75
R_a95ajFzwK6sha0R,mean_met,1.75
R_ab22AooETQQFOdL,mean_met,2.25
R_afqYVUFMoHSxxfT,mean_met,2
R_ag6JHiFNXubHXDv,mean_met,2.5
R_agHj3eq49kGzGGV,mean_met,1.5
R_ahCqfjWZyn1YwPH,mean_met,2.5
R_aVmtXz2i254vnEx,mean_met,2.75
R_aY4SBJKtQSyF0vX,mean_met,2.75
R_aY7FOdPNPZCH22F,mean_met,3.25
R_aYv8mHBZlj0CRq5,mean_met,3
R_b1KCSfREOEJfmtv,mean_met,3.25
R_b1q0VxsvuP4xWrb,mean_met,2
R_b3GxGMw8QThLyBv,mean_met,2.75
R_b8wu6cwP3lxBOJv,mean_met,2.25
R_b9K0jFJ8Lbw6YxT,mean_met,2.25
R_b9rW9Ri4Zl2u7Xv,mean_met,2.75
R_baa2Mxag7IwQRsp,mean_met,1.5
R_bClxERZDA7gvv0N,mean_met,2.67
R_bCvpOiyDDjgNIlT,mean_met,3.75
R_bdBt4ubvlmYn29n,mean_met,3.75
R_bedlXxHaLECHU6V,mean_met,2
R_bEnSb3whMfZaP1H,mean_met,4
R_bI3M4wTLhxu4OK9,mean_met,2
R_bm6GrtBpNTeYNQp,mean_met,3.25
R_bNTkn5kWlYmrCuN,mean_met,1
R_bpvitqE4cXBkRKd,mean_met,1
R_bPWsuZu6tR2NS17,mean_met,3.5
R_bqhdczjeGHpyohT,mean_met,1
R_brNlZkLKzMOuUqV,mean_met,1.5
R_bybYkahi5ayo1ox,mean_met,1.5
R_byMQ3iVmIqbgNUh,mean_met,2
R_cA54GCklhlgeoOF,mean_met,1.25
R_cBIdhWeV5SUWtKd,mean_met,3
R_cBJqORad18yFTk9,mean_met,1.5
R_cBKCSlPlA2I42qx,mean_met,2.75
R_cC77pr8ZV3WENs9,mean_met,2
R_cDdiCuPVOwRO3at,mean_met,3.25
R_cN2EX7Fmw5AK5W5,mean_met,3.25
R_cPadPm027lzVned,mean_met,1.75
R_cRPwpnnPEe45Yax,mean_met,1.5
R_cSJ1RbHQafhfw2x,mean_met,1
R_cUSGSICZizH4ibP,mean_met,4
R_cvcRRTXyJZG42Wx,mean_met,2
R_cVkumCviUibfpwV,mean_met,2
R_d0Vkm9FXus6u2Xj,mean_met,3.5
R_d1hqGSfRusB2WYB,mean_met,1.75
R_d4gxMC1tfFzsB1j,mean_met,3
R_d5NFyjFU4mtTovr,mean_met,2.25
R_d6ETQfzFpqQymhL,mean_met,5
R_d6Gd6yVxVpfiIjb,mean_met,2
R_dg67SVAkMvbqjNH,mean_met,2
R_dhsUh4PunZnqObz,mean_met,2.75
R_dnCWkQjzaAdOzxb,mean_met,3
R_dogKIS0XGm03C2p,mean_met,2.5
R_e2uMOfaQ2XNjhyZ,mean_met,1.75
R_e33J1ub9FfHSyot,mean_met,2.75
R_e3cyMfhBdMk6D3L,mean_met,2.75
R_e3zZsCSg0CiSPZj,mean_met,1
R_e4Ih3i9Aa1nr9Ot,mean_met,1.75
R_eaffsMkag0wCfOJ,mean_met,2.25
R_eaMevRytmPlQRG5,mean_met,3.25
R_ebAysdUZivGqkcJ,mean_met,2.25
R_eEA6P0lDhzk7GhD,mean_met,2.5
R_eeot0CF8zaFqtYp,mean_met,4.5
R_eepEnr5BOdjrp9b,mean_met,1.25
R_eh5pcVEURr1WeNv,mean_met,2.75
R_eICzmsyOuWZXJ9X,mean_met,2
R_eIPK6Ya5MMXPrhP,mean_met,1.5
R_el22tcAF8oylTmJ,mean_met,2.25
R_elE1gWpVuI014Et,mean_met,1
R_eLqKxoiUzn5lum1,mean_met,3.5
R_emLV4M5pLY6VEdT,mean_met,2
R_emoq3AYZhc0zEr3,mean_met,3.5
R_eSgMhuuFVr2bN5P,mean_met,1.25
R_etD7MzYJ7zOuxUN,mean_met,1
R_eUOvfJ7CNuFailT,mean_met,2
R_ewCJvISccDpFbMx,mean_met,3.75
R_eXKLQwf9XpktlmR,mean_met,2.5
R_eycEeieXrYzisap,mean_met,3
R_2gZzrWHmgbqM0LP,mean_met,3.75
R_3eHmgQHFnS4STL7,mean_met,2.25
R_4GzUjLh3S2c0q1L,mean_met,1
R_6uvGyYGLHUGAAJv,mean_met,1
R_74n6blPytasQNPn,mean_met,2
R_bfs8r8hkPXkEJGl,mean_met,1.75
R_4Z7dgqxQPC6fnBr,mean_met,3
R_5yVMo4tqkV1of3L,mean_met,5
R_cw46VUhKKksccEl,mean_met,2.25
R_7Vhp1Tuopm40rFX,mean_met,2.25
R_0oWwXewYpbwgTNX,mean_met,2
R_2gIhRA96q3HNnzT,mean_met,4
R_3UfFSPCQ8s6ZIMd,mean_met,1
R_6QknmxyHTy4LkpL,mean_met,1.25
R_6XaRkSzHHtkdA9v,mean_met,2.25
R_8i6VbbG38Fmci2N,mean_met,2.5
R_cuonXDpuAwB7EUd,mean_met,4.5
R_0uiEagDZ8utTBJ3,mean_met,1
R_1OhvFkVJPErdUc5,mean_met,3.75
R_1YowFFJnbj4Cn09,mean_met,1.25
R_3BHxg7xEcXZrZMF,mean_met,3
R_3IqlfNx2hfYxxnD,mean_met,3.5
R_40XchjhEy0nAmxL,mean_met,2
R_4My9hc6sFmvKdBH,mean_met,2
R_8c8AuB5J2crS6Il,mean_met,3
R_8wee3dWnHR6iKBT,mean_met,2
R_9zd9Kp835bJG3ml,mean_met,2
R_cuuehDPFDRuBWxn,mean_met,2
R_dhTsDTwirdNCXGZ,mean_met,3.25
R_0p6vxKxaLOM0Vox,mean_met,2
R_2f4bEgPRKzRiTNX,mean_met,3.25
R_2iqXzNJaW9GXSdL,mean_met,3.75
R_3r4vrsx373Jhgkl,mean_met,1.75
R_4VN278d6PHU55eB,mean_met,1
R_5jdQhnCqlYQYnZj,mean_met,2.5
R_5nbEs2ZclGiccqp,mean_met,3.25
R_5nkEqpFxUMekQIt,mean_met,4.5
R_9YqueA12icepNPv,mean_met,3
R_afSxZEcJmbBhUgJ,mean_met,2.5
R_cRV5ic7cdPwDd1X,mean_met,3
R_eaDEHuW687d6R37,mean_met,2
R_er3efIHEv8lfgah,mean_met,3.75
R_etD12acTHVo6w9T,mean_met,2.25
R_ezFAqUG11Mqi0v3,mean_met,1.5
R_8ohSCJwYDSbirQN,mean_met,2
R_8xn6ieyQM4RCCl7,mean_met,3.75
R_9sQEsdc3WvjJmFD,mean_met,3.75
R_9Y7hZzEPId65hJj,mean_met,3.5
R_b7b4q1XNdpUpzed,mean_met,3
R_b7yL1FIXdxsd6OF,mean_met,2.5
R_b9PimRqCXlZZPuZ,mean_met,3.5
R_e4e09Tf648CkLAx,mean_met,1
R_eQKQFE1A856u3Pv,mean_met,4
R_7TFdGWuq4yWiVvv,mean_met,2.25
R_24SCiMOX1WrmTwV,mean_met,2
R_6tKvYgpRwpGKYIJ,mean_met,2.25
R_eGbQ71Hj5U4bhml,mean_met,1
R_0HTlmcKe5FrddvT,mean_met,1
R_02Il4uscqNJuWBT,mean_met,2
R_03dxZHgSxRRcU7P,mean_met,2
R_0fEAnZ0L0SnIgdv,mean_met,2.5
R_0HzpeHxYFAbzwqN,mean_met,1.5
R_0lK5HskKZ1QhchL,mean_met,2
R_0NiiDA0LUqBKurP,mean_met,2
R_1XqfUEl4ZyIabvT,mean_met,3
R_25g5cHZf8qidvg1,mean_met,1.75
R_25JOudIl1Bb2gOV,mean_met,2
R_3BPG1iRB2SAYv53,mean_met,2.75
R_3jIaGS3rqT5KQ29,mean_met,1.5
R_3mGJtMvjXL4RzEx,mean_met,2.75
R_3sLyrCKhUEA5iPr,mean_met,1.5
R_3Vjsp8uIcWjkMlL,mean_met,3.25
R_42AOFcD8mMn1sNv,mean_met,1.75
R_4IthKmgHNSfijaZ,mean_met,2.5
R_4YM3Z11a6BePDaB,mean_met,1.75
R_54GKsJiZ7KDpbcp,mean_met,2.75
R_54lJ0DwiDgQkmzz,mean_met,1.25
R_54pfYynpEFAvPwx,mean_met,1.5
R_5vFl5h1swraARmd,mean_met,2
R_6fiXZOdlZ67ceNL,mean_met,1.75
R_6loeHiF2QwQm0QJ,mean_met,1.25
R_6PxHJBxOhJQc4It,mean_met,3.5
R_6rEMPZ6jxEWzWpn,mean_met,2
R_6rQf5tvvvW00JQ9,mean_met,1.75
R_74gDGFzRbg17jAV,mean_met,2.25
R_78tNW32zHdAnvI9,mean_met,1
R_7OI0txvPG1Ndt1r,mean_met,1.5
R_7ZI9nBbS8V8jeq9,mean_met,3.25
R_8A35Ep4FY0wNQmV,mean_met,2
R_8vuug6voyuSHjpP,mean_met,3
R_9B2xLMemFgPDDal,mean_met,3
R_afQYvLDxQTVIUQd,mean_met,3.5
R_ahrfMvYyioFro33,mean_met,1
R_aYurtBVHOkIhPwh,mean_met,4.75
R_b2x0tNPKzE8S4Qt,mean_met,2
R_b8HhyEIcXvFDDmJ,mean_met,2
R_bHq0aU04Fz4brO5,mean_met,1.5
R_bNNE9KpWzq1Sy7X,mean_met,1.25
R_bOYzr86DXvb249n,mean_met,1.5
R_bpA2x94xv8xhjhz,mean_met,1.25
R_bwHCL0bvTztLLql,mean_met,5
R_cOYcEKS94gT6lWR,mean_met,2
R_dbzwnErp9TWhYTr,mean_met,2.75
R_e3P6K5pln04v8fb,mean_met,3
R_eDqbEJUdasHpmU5,mean_met,3
R_eFGDA9b5iFUkOIB,mean_met,2.75
R_eFOllh6lCCc3nkV,mean_met,2.25
R_ekEg6o8P5Tlsx6d,mean_met,3
R_eOHNNDC7HcZ8szr,mean_met,1
R_eVfldsb7MdgwbOJ,mean_met,2.75
R_3UiZ3C6VnxZkuDr,mean_met,1.5
R_8BQwbFdBUl9Ps8t,mean_met,2
R_0ca6ARQoBohPc5T,mean_met,1
R_3siZnTX4069v11X,mean_met,2.25
R_5zEwqQU3Nx8NxtP,mean_met,2.25
R_7VtR7o43v3unfBr,mean_met,2.5
R_3pDAcn1zkHA76NT,mean_met,3.5
R_8ojl9YrzpZYuk4t,mean_met,2.75
R_dbcXzQUhGqs7QSF,mean_met,3.75
R_0jo1GHSPQ9TFfY9,mean_met,2.5
R_2tMHEQd2vOXpeQt,mean_met,2
R_38BQM8ojvtQfXVP,mean_met,2.5
R_d3WFRxD01cWJHQp,mean_met,4
R_9mpG8C9qo1cIqrz,mean_met,2.5
R_0BbFw5YG2F7Lzmt,mean_inst,3
R_0k7FkHKRojtTMup,mean_inst,3.67
R_0wSgxCUGcd1bXKJ,mean_inst,3.33
R_3t9tMyEF2YZanwV,mean_inst,3
R_4JwwBo0IGilUEkd,mean_inst,3
R_6rN52dcPT1pH0wZ,mean_inst,3.33
R_7364pEfSwZbety5,mean_inst,2.67
R_bC8FdAK6vJZsX1r,mean_inst,3.33
R_bJc9am6sm9ajtHf,mean_inst,3.33
R_bOU9Q57g5l66dlX,mean_inst,3.33
R_d5o2FCPWWgtizcx,mean_inst,3.33
R_dgNSvO0l9aymLYx,mean_inst,3.33
R_eDSmf8RhthpwKTr,mean_inst,3.33
R_eLlIHaesAqsqFZX,mean_inst,3.33
R_eR5IEwHotx12nVb,mean_inst,3.33
R_5u22Vyg67iBFZVb,mean_inst,3
R_8J40FdkztWi0QAJ,mean_inst,3.33
R_eXmR1gv8hanVQAB,mean_inst,2.67
R_06Y0lnVBn4wxJ3L,mean_inst,3
R_07AGQOGDunwlNtj,mean_inst,3
R_0ccMuYX35uxjiHH,mean_inst,3.67
R_0CJgoxE736KONEh,mean_inst,3
R_0cR05LOhW7P7qIJ,mean_inst,3.33
R_0cuvRoyOulek00R,mean_inst,3.33
R_0dENC7slP3a5Rd3,mean_inst,3.67
R_0DMHiyIBCc8lqvj,mean_inst,3.33
R_0DnMj6rXovPR6NT,mean_inst,3.33
R_0DNRjAxdsB6W4jX,mean_inst,4
R_0eVImlwn2BEANIF,mean_inst,3.67
R_0HbxWvLhImRT7IV,mean_inst,3.33
R_0iHp12NIO4D2gMl,mean_inst,4
R_0iY9dELpvzn4Kih,mean_inst,3.67
R_0j3xYhj7RdPLFwp,mean_inst,3.33
R_0Mp0vazEMGmusrH,mean_inst,3.33
R_0N8eYana0RLX9UF,mean_inst,3.5
R_0NeD22cad3dbpvn,mean_inst,3.67
R_0NRtMV8VBYoLZpb,mean_inst,3.33
R_0oGsLWMorV4Bk1f,mean_inst,3.33
R_0PwlUujFg5mZFGJ,mean_inst,4
R_0qvNtw9fFcThH25,mean_inst,3.33
R_0TmUsFFK76t4dCZ,mean_inst,3.33
R_0vbLkr44iCanyK1,mean_inst,3.67
R_0vPMCZv5m2HGGiN,mean_inst,3.33
R_0Vuxzafv7zVAfIx,mean_inst,3
R_0VwcmZkYWSpWUAZ,mean_inst,3
R_1CebzxO1cVRmZql,mean_inst,3.67
R_1FiDWtIbMBT6AzH,mean_inst,3
R_1FzXdFvpLcrq56J,mean_inst,3
R_1GDT2JHtbi6pfet,mean_inst,2.67
R_1MlDClqRa9h7g5D,mean_inst,3.33
R_1NRgzUxHONK9Jtz,mean_inst,3
R_1RgdZ3Vv2lNWZYV,mean_inst,2.67
R_1Sb0LO16Jx5TcCV,mean_inst,3
R_1UmdGA1GogGWe5n,mean_inst,3.33
R_1XkWisNy2AsUpZH,mean_inst,3.33
R_244JNf9FXQ3l1Fr,mean_inst,2.67
R_244Quh8Fc3tsb0p,mean_inst,3.67
R_25g7WY80OPq9fHT,mean_inst,3.67
R_261uEZqFeKUH3AF,mean_inst,2.67
R_2ajvFuQFZExQl3n,mean_inst,3.67
R_2b1hdLIwKkoNip7,mean_inst,3.67
R_2co2HL7fSkRYHYN,mean_inst,3.33
R_2mcTLMyd4nfnWPX,mean_inst,2.67
R_2nuErdw9OW7GWiN,mean_inst,2.67
R_2t3UDaqQVWHDjvf,mean_inst,4.33
R_2tpYgwkvkSFK45L,mean_inst,3.33
R_2tWfXopTD51sAkt,mean_inst,4
R_2udElqUm8L6HSGF,mean_inst,3
R_2uhPW86zEamu8ap,mean_inst,3.33
R_37CtGcT1HWsBqGF,mean_inst,2.67
R_3Dw9IrzI1itpybr,mean_inst,3.33
R_3dybDH3gB3W6grX,mean_inst,3.33
R_3elaznfMNeSVX1j,mean_inst,2.67
R_3JiBpZ5qfHDbJtz,mean_inst,3
R_3K3bcpvjXtCH32B,mean_inst,3.67
R_3K4YYu69VKmc01n,mean_inst,3.33
R_3kM8DIimavIwNhj,mean_inst,3.33
R_3krtH3eq05A5Mpf,mean_inst,2.67
R_3LfDMnA3qEuedUx,mean_inst,3
R_3mAA8qe7emsvCbb,mean_inst,3.33
R_3mkdqQYUUok7oEZ,mean_inst,3.67
R_3mxEEvGPnogvQKp,mean_inst,3.33
R_3n6wJgesn7ivrbT,mean_inst,3.33
R_3OavzhNiGtTJt89,mean_inst,3.33
R_3qvo4fVxSy5Fk0Z,mean_inst,3.67
R_3RfTbBauwzdBfV3,mean_inst,4
R_3UTnT50f1jWpaF7,mean_inst,2.67
R_3vEn2mZxaExQxCJ,mean_inst,3
R_3vIN0Gt4GOykklL,mean_inst,2.33
R_3ViniLdqtYkUM1n,mean_inst,3.33
R_3VLGT3hUBDetMtT,mean_inst,2.67
R_3VnUbFlpfJ3Cl5H,mean_inst,3.67
R_3VOIs4RZ8lGlJjL,mean_inst,3
R_3W76O9yPDdwJxDD,mean_inst,3.67
R_41tJIld8tHgYVH7,mean_inst,4
R_4ME0EXGMx0uGEZv,mean_inst,3
R_4Obwgz5yXr8Q3RP,mean_inst,3
R_4T2ELhai4gkcMId,mean_inst,2.67
R_4UszAknxHX1fcMd,mean_inst,3.33
R_4Vhw34Ky39LASoZ,mean_inst,3.67
R_4Z0Y1kYXgWdDSf3,mean_inst,3.67
R_4ZLFXfUxyZAqyFf,mean_inst,3
R_4ZmRsf3Jg7xcJdH,mean_inst,3
R_50bTj8paHBwSlHD,mean_inst,3.33
R_55qQpaisGvSjSS1,mean_inst,3.33
R_56JZsLk5so0ia0Z,mean_inst,2.67
R_5ALEck3XOWIRRf7,mean_inst,3
R_5Ao3wv4u5dMDnvf,mean_inst,3
R_5bBg3UlRcT9zQXz,mean_inst,3
R_5BGLiu7ObeccajP,mean_inst,3
R_5Bzvn7OZ1Ql7D1z,mean_inst,3.67
R_5cGeZbsxb2e2HEF,mean_inst,3.33
R_5cKUhdhMsebiGlT,mean_inst,3
R_5dvDU4xC3PMBpUF,mean_inst,3
R_5i0au36wPN2VtJ3,mean_inst,3.33
R_5mMMkal0oe6JG1T,mean_inst,3
R_5ndSEURIN8H1bSJ,mean_inst,3.33
R_5nDu09Ohy36sjVr,mean_inst,3
R_5ut2tqTHns5SeQB,mean_inst,4
R_5vwhuShCk2H3fw1,mean_inst,3.33
R_5w439KNNQxKMf9H,mean_inst,4
R_6DalweIymPAufM9,mean_inst,2.67
R_6DuQ2ejBJhSrXy5,mean_inst,3
R_6eWLlRj99hivOEl,mean_inst,3
R_6fHtAi514WJaiGx,mean_inst,3.67
R_6Gd3llQdQpVornD,mean_inst,2.67
R_6JRf3ZMco16QsSN,mean_inst,2.67
R_6kUNkAbZYipCJJr,mean_inst,2.67
R_6KzcPDlHa16dpxr,mean_inst,3.67
R_6L1FceTSxoVJpmR,mean_inst,3
R_6mbcyrj4wmFuEV7,mean_inst,3.33
R_6mVB9yxTAbOOii1,mean_inst,2.67
R_6nfI0zvXDXzSLhr,mean_inst,3
R_6P5qGwDAlA0tRM9,mean_inst,3.33
R_6PxAP7IAnkSd1tj,mean_inst,3
R_6PXRlYCPNLWkyEZ,mean_inst,3
R_6Q2bKss6ad5PRAN,mean_inst,3.67
R_6QIHyPaXoQzNeqF,mean_inst,3
R_6rJc8bEtejdvTJr,mean_inst,3
R_6RLjg7evicLqQER,mean_inst,3
R_6S9623OwcAKEcFn,mean_inst,3.33
R_6sVd1MweY9SicqF,mean_inst,2.67
R_6teJEBpxwITFEeF,mean_inst,2.67
R_6VuQlrLPWH4RnMx,mean_inst,2.67
R_6zFMEXiuo6JhBxX,mean_inst,4
R_71iNBFYHgguGso5,mean_inst,3.67
R_74jwdrwcyshimix,mean_inst,3.33
R_74LJ8nixoVPRv81,mean_inst,3.33
R_74mK9ZOkbE0WEnP,mean_inst,3
R_77BfnjlVOWOW1y5,mean_inst,3
R_77ekb9Cqx0dSACN,mean_inst,3.33
R_78HXVWjXQKQgbrv,mean_inst,3.67
R_79BO6LOktjfGe2x,mean_inst,3
R_7NwFnzITm6AMlcp,mean_inst,3.67
R_7Og2Hxys5yl6m7H,mean_inst,3
R_7OoNH8Qb3uBnaW9,mean_inst,3.67
R_7R3j2aVNBbOKO21,mean_inst,4
R_81VySqk5NT9vGxT,mean_inst,3
R_82Py6qhFA9ja7VH,mean_inst,3
R_86RtqwQWvDwihUN,mean_inst,3.67
R_8bL6I05G7NV5TqB,mean_inst,2.67
R_8CeLwJuUrJIFbiR,mean_inst,3
R_8cTb4VIGELREwHX,mean_inst,3.33
R_8dicYIpm2nFQfiJ,mean_inst,3.67
R_8dJVk5zGuA4Ncmp,mean_inst,3
R_8e8rphJ7hGXMkGF,mean_inst,3.67
R_8H569CAJCPI3gEt,mean_inst,3
R_8HVtyNezMgl4FFj,mean_inst,3.33
R_8iFELvYBcFeQjCR,mean_inst,3.67
R_8iGFBKFtCpmmrXf,mean_inst,2.67
R_8IghlH19w1pw4uh,mean_inst,2.67
R_8IL64Ln8taMW3JP,mean_inst,2.33
R_8v8fFiriLGfB3VP,mean_inst,4
R_8vVdzf54XCFnO73,mean_inst,3.67
R_8xl0a3uNONomiup,mean_inst,3.67
R_9AXCsuRHBqoimvb,mean_inst,3.33
R_9EPzxpmB2vpiQCN,mean_inst,4
R_9EqxUElUr0iPF9X,mean_inst,3.67
R_9KWMsZb0bZjK4Pb,mean_inst,3.33
R_9KwPmcHqGwceDEV,mean_inst,3.67
R_9KxPOB0jpRJu8WF,mean_inst,3.67
R_9p2crtBGTm54x6J,mean_inst,3.33
R_9pJg1YTxQCcX6Yd,mean_inst,3.67
R_9QU6RW8NLOyiESh,mean_inst,3.33
R_9S3apTJcJ7QG6Rn,mean_inst,3.33
R_9t82UbQHVZ87Bqd,mean_inst,3.33
R_9tN81z8VG7IYvo9,mean_inst,3.33
R_9toXwBOO5RJRFkh,mean_inst,3
R_9XroaYNZJfDoqGN,mean_inst,4
R_9Y0d73UAxa76Del,mean_inst,3
R_9yk8jZZLJEkerT7,mean_inst,3
R_9YSE6ASb2YFyqNf,mean_inst,2.67
R_9ZAsE9UBgdjlYgt,mean_inst,3.67
R_9ZhhNFePbsgpEA5,mean_inst,3
R_a2HfDjdqyEhkt3T,mean_inst,3
R_a2z0hWSnOiQQHKB,mean_inst,3.67
R_a3E2KGTJdHJC6pL,mean_inst,3.33
R_a95ajFzwK6sha0R,mean_inst,3.67
R_ab22AooETQQFOdL,mean_inst,3.33
R_afqYVUFMoHSxxfT,mean_inst,3.33
R_ag6JHiFNXubHXDv,mean_inst,3.33
R_agHj3eq49kGzGGV,mean_inst,2.67
R_ahCqfjWZyn1YwPH,mean_inst,4.33
R_aVmtXz2i254vnEx,mean_inst,3.33
R_aY4SBJKtQSyF0vX,mean_inst,3.33
R_aY7FOdPNPZCH22F,mean_inst,3
R_aYv8mHBZlj0CRq5,mean_inst,3
R_b1KCSfREOEJfmtv,mean_inst,2.67
R_b1q0VxsvuP4xWrb,mean_inst,3.33
R_b3GxGMw8QThLyBv,mean_inst,3.33
R_b8wu6cwP3lxBOJv,mean_inst,2.33
R_b9K0jFJ8Lbw6YxT,mean_inst,3.33
R_b9rW9Ri4Zl2u7Xv,mean_inst,4
R_baa2Mxag7IwQRsp,mean_inst,3.33
R_bClxERZDA7gvv0N,mean_inst,3.33
R_bCvpOiyDDjgNIlT,mean_inst,3.67
R_bdBt4ubvlmYn29n,mean_inst,3.33
R_bedlXxHaLECHU6V,mean_inst,3.33
R_bEnSb3whMfZaP1H,mean_inst,2.67
R_bI3M4wTLhxu4OK9,mean_inst,3.33
R_bm6GrtBpNTeYNQp,mean_inst,3
R_bNTkn5kWlYmrCuN,mean_inst,3.67
R_bpvitqE4cXBkRKd,mean_inst,3
R_bPWsuZu6tR2NS17,mean_inst,3.33
R_bqhdczjeGHpyohT,mean_inst,3
R_brNlZkLKzMOuUqV,mean_inst,3.33
R_bybYkahi5ayo1ox,mean_inst,2.67
R_byMQ3iVmIqbgNUh,mean_inst,3
R_cA54GCklhlgeoOF,mean_inst,3
R_cBIdhWeV5SUWtKd,mean_inst,2.67
R_cBJqORad18yFTk9,mean_inst,3.33
R_cBKCSlPlA2I42qx,mean_inst,3
R_cC77pr8ZV3WENs9,mean_inst,3.33
R_cDdiCuPVOwRO3at,mean_inst,3.67
R_cN2EX7Fmw5AK5W5,mean_inst,3
R_cPadPm027lzVned,mean_inst,3
R_cRPwpnnPEe45Yax,mean_inst,3.33
R_cSJ1RbHQafhfw2x,mean_inst,3
R_cUSGSICZizH4ibP,mean_inst,3.33
R_cvcRRTXyJZG42Wx,mean_inst,3.67
R_cVkumCviUibfpwV,mean_inst,3
R_d0Vkm9FXus6u2Xj,mean_inst,3.33
R_d1hqGSfRusB2WYB,mean_inst,3.67
R_d4gxMC1tfFzsB1j,mean_inst,3.33
R_d5NFyjFU4mtTovr,mean_inst,3
R_d6ETQfzFpqQymhL,mean_inst,4.33
R_d6Gd6yVxVpfiIjb,mean_inst,3.33
R_dg67SVAkMvbqjNH,mean_inst,3.33
R_dhsUh4PunZnqObz,mean_inst,2.67
R_dnCWkQjzaAdOzxb,mean_inst,3
R_dogKIS0XGm03C2p,mean_inst,2.67
R_e2uMOfaQ2XNjhyZ,mean_inst,3.33
R_e33J1ub9FfHSyot,mean_inst,3.33
R_e3cyMfhBdMk6D3L,mean_inst,3.67
R_e3zZsCSg0CiSPZj,mean_inst,2.67
R_e4Ih3i9Aa1nr9Ot,mean_inst,3
R_eaffsMkag0wCfOJ,mean_inst,3.33
R_eaMevRytmPlQRG5,mean_inst,3
R_ebAysdUZivGqkcJ,mean_inst,3.33
R_eEA6P0lDhzk7GhD,mean_inst,2.67
R_eeot0CF8zaFqtYp,mean_inst,3
R_eepEnr5BOdjrp9b,mean_inst,3
R_eh5pcVEURr1WeNv,mean_inst,3.33
R_eICzmsyOuWZXJ9X,mean_inst,3
R_eIPK6Ya5MMXPrhP,mean_inst,3
R_el22tcAF8oylTmJ,mean_inst,2.33
R_elE1gWpVuI014Et,mean_inst,3.67
R_eLqKxoiUzn5lum1,mean_inst,3
R_emLV4M5pLY6VEdT,mean_inst,3.33
R_emoq3AYZhc0zEr3,mean_inst,3.67
R_eSgMhuuFVr2bN5P,mean_inst,4
R_etD7MzYJ7zOuxUN,mean_inst,3.67
R_eUOvfJ7CNuFailT,mean_inst,3
R_ewCJvISccDpFbMx,mean_inst,3.33
R_eXKLQwf9XpktlmR,mean_inst,3.33
R_eycEeieXrYzisap,mean_inst,2.67
R_2gZzrWHmgbqM0LP,mean_inst,3.33
R_3eHmgQHFnS4STL7,mean_inst,2.67
R_4GzUjLh3S2c0q1L,mean_inst,3
R_6uvGyYGLHUGAAJv,mean_inst,3
R_74n6blPytasQNPn,mean_inst,3.67
R_bfs8r8hkPXkEJGl,mean_inst,3
R_4Z7dgqxQPC6fnBr,mean_inst,3
R_5yVMo4tqkV1of3L,mean_inst,3
R_cw46VUhKKksccEl,mean_inst,3
R_7Vhp1Tuopm40rFX,mean_inst,3
R_0oWwXewYpbwgTNX,mean_inst,3.67
R_2gIhRA96q3HNnzT,mean_inst,3.33
R_3UfFSPCQ8s6ZIMd,mean_inst,4
R_6QknmxyHTy4LkpL,mean_inst,3.67
R_6XaRkSzHHtkdA9v,mean_inst,2.67
R_8i6VbbG38Fmci2N,mean_inst,3.33
R_cuonXDpuAwB7EUd,mean_inst,3
R_0uiEagDZ8utTBJ3,mean_inst,3.33
R_1OhvFkVJPErdUc5,mean_inst,3
R_1YowFFJnbj4Cn09,mean_inst,3.67
R_3BHxg7xEcXZrZMF,mean_inst,2.33
R_3IqlfNx2hfYxxnD,mean_inst,2.33
R_40XchjhEy0nAmxL,mean_inst,2.33
R_4My9hc6sFmvKdBH,mean_inst,2.67
R_8c8AuB5J2crS6Il,mean_inst,3
R_8wee3dWnHR6iKBT,mean_inst,3.67
R_9zd9Kp835bJG3ml,mean_inst,3
R_cuuehDPFDRuBWxn,mean_inst,3
R_dhTsDTwirdNCXGZ,mean_inst,3
R_0p6vxKxaLOM0Vox,mean_inst,2.67
R_2f4bEgPRKzRiTNX,mean_inst,4
R_2iqXzNJaW9GXSdL,mean_inst,2.67
R_3r4vrsx373Jhgkl,mean_inst,3
R_4VN278d6PHU55eB,mean_inst,2.67
R_5jdQhnCqlYQYnZj,mean_inst,3.33
R_5nbEs2ZclGiccqp,mean_inst,3.67
R_5nkEqpFxUMekQIt,mean_inst,3.33
R_9YqueA12icepNPv,mean_inst,4
R_afSxZEcJmbBhUgJ,mean_inst,3.33
R_cRV5ic7cdPwDd1X,mean_inst,2.33
R_eaDEHuW687d6R37,mean_inst,3.33
R_er3efIHEv8lfgah,mean_inst,3
R_etD12acTHVo6w9T,mean_inst,3.33
R_ezFAqUG11Mqi0v3,mean_inst,3.67
R_8ohSCJwYDSbirQN,mean_inst,3.33
R_8xn6ieyQM4RCCl7,mean_inst,3.33
R_9sQEsdc3WvjJmFD,mean_inst,3.33
R_9Y7hZzEPId65hJj,mean_inst,3
R_b7b4q1XNdpUpzed,mean_inst,3.33
R_b7yL1FIXdxsd6OF,mean_inst,3.67
R_b9PimRqCXlZZPuZ,mean_inst,3
R_e4e09Tf648CkLAx,mean_inst,3.33
R_eQKQFE1A856u3Pv,mean_inst,3.33
R_7TFdGWuq4yWiVvv,mean_inst,2.67
R_24SCiMOX1WrmTwV,mean_inst,2.67
R_6tKvYgpRwpGKYIJ,mean_inst,4
R_eGbQ71Hj5U4bhml,mean_inst,3.67
R_0HTlmcKe5FrddvT,mean_inst,5
R_02Il4uscqNJuWBT,mean_inst,3.67
R_03dxZHgSxRRcU7P,mean_inst,3.33
R_0fEAnZ0L0SnIgdv,mean_inst,3.33
R_0HzpeHxYFAbzwqN,mean_inst,3.5
R_0lK5HskKZ1QhchL,mean_inst,2.67
R_0NiiDA0LUqBKurP,mean_inst,3.33
R_1XqfUEl4ZyIabvT,mean_inst,4.33
R_25g5cHZf8qidvg1,mean_inst,3.33
R_25JOudIl1Bb2gOV,mean_inst,3
R_3BPG1iRB2SAYv53,mean_inst,3
R_3jIaGS3rqT5KQ29,mean_inst,3.67
R_3mGJtMvjXL4RzEx,mean_inst,3.33
R_3sLyrCKhUEA5iPr,mean_inst,3.67
R_3Vjsp8uIcWjkMlL,mean_inst,3.33
R_42AOFcD8mMn1sNv,mean_inst,3.67
R_4IthKmgHNSfijaZ,mean_inst,3.33
R_4YM3Z11a6BePDaB,mean_inst,4
R_54GKsJiZ7KDpbcp,mean_inst,2.67
R_54lJ0DwiDgQkmzz,mean_inst,2.67
R_54pfYynpEFAvPwx,mean_inst,2.67
R_5vFl5h1swraARmd,mean_inst,3.33
R_6fiXZOdlZ67ceNL,mean_inst,3
R_6loeHiF2QwQm0QJ,mean_inst,3
R_6PxHJBxOhJQc4It,mean_inst,3
R_6rEMPZ6jxEWzWpn,mean_inst,2.67
R_6rQf5tvvvW00JQ9,mean_inst,3.33
R_74gDGFzRbg17jAV,mean_inst,2.67
R_78tNW32zHdAnvI9,mean_inst,2.33
R_7OI0txvPG1Ndt1r,mean_inst,3.33
R_7ZI9nBbS8V8jeq9,mean_inst,3
R_8A35Ep4FY0wNQmV,mean_inst,4
R_8vuug6voyuSHjpP,mean_inst,3.33
R_9B2xLMemFgPDDal,mean_inst,2.33
R_afQYvLDxQTVIUQd,mean_inst,3.33
R_ahrfMvYyioFro33,mean_inst,3.33
R_aYurtBVHOkIhPwh,mean_inst,3
R_b2x0tNPKzE8S4Qt,mean_inst,4
R_b8HhyEIcXvFDDmJ,mean_inst,4
R_bHq0aU04Fz4brO5,mean_inst,3.33
R_bNNE9KpWzq1Sy7X,mean_inst,5
R_bOYzr86DXvb249n,mean_inst,2.67
R_bpA2x94xv8xhjhz,mean_inst,3.33
R_bwHCL0bvTztLLql,mean_inst,3.33
R_cOYcEKS94gT6lWR,mean_inst,3.33
R_dbzwnErp9TWhYTr,mean_inst,3.33
R_e3P6K5pln04v8fb,mean_inst,3
R_eDqbEJUdasHpmU5,mean_inst,3.33
R_eFGDA9b5iFUkOIB,mean_inst,3
R_eFOllh6lCCc3nkV,mean_inst,3.33
R_ekEg6o8P5Tlsx6d,mean_inst,3
R_eOHNNDC7HcZ8szr,mean_inst,3.67
R_eVfldsb7MdgwbOJ,mean_inst,2.67
R_3UiZ3C6VnxZkuDr,mean_inst,2.67
R_8BQwbFdBUl9Ps8t,mean_inst,3.33
R_0ca6ARQoBohPc5T,mean_inst,4.33
R_3siZnTX4069v11X,mean_inst,2.67
R_5zEwqQU3Nx8NxtP,mean_inst,3
R_7VtR7o43v3unfBr,mean_inst,3.33
R_3pDAcn1zkHA76NT,mean_inst,2.67
R_8ojl9YrzpZYuk4t,mean_inst,5
R_dbcXzQUhGqs7QSF,mean_inst,3
R_0jo1GHSPQ9TFfY9,mean_inst,3
R_2tMHEQd2vOXpeQt,mean_inst,3
R_38BQM8ojvtQfXVP,mean_inst,3.33
R_d3WFRxD01cWJHQp,mean_inst,3
R_9mpG8C9qo1cIqrz,mean_inst,3
R_0BbFw5YG2F7Lzmt,mean_mor,3
R_0k7FkHKRojtTMup,mean_mor,3
R_0wSgxCUGcd1bXKJ,mean_mor,3.5
R_3t9tMyEF2YZanwV,mean_mor,2.5
R_4JwwBo0IGilUEkd,mean_mor,3
R_6rN52dcPT1pH0wZ,mean_mor,3
R_7364pEfSwZbety5,mean_mor,3
R_bC8FdAK6vJZsX1r,mean_mor,3
R_bJc9am6sm9ajtHf,mean_mor,3
R_bOU9Q57g5l66dlX,mean_mor,3
R_d5o2FCPWWgtizcx,mean_mor,3
R_dgNSvO0l9aymLYx,mean_mor,3
R_eDSmf8RhthpwKTr,mean_mor,3
R_eLlIHaesAqsqFZX,mean_mor,2.5
R_eR5IEwHotx12nVb,mean_mor,3
R_5u22Vyg67iBFZVb,mean_mor,3
R_8J40FdkztWi0QAJ,mean_mor,3
R_eXmR1gv8hanVQAB,mean_mor,3
R_06Y0lnVBn4wxJ3L,mean_mor,3.5
R_07AGQOGDunwlNtj,mean_mor,3
R_0ccMuYX35uxjiHH,mean_mor,2.5
R_0CJgoxE736KONEh,mean_mor,3
R_0cR05LOhW7P7qIJ,mean_mor,2.5
R_0cuvRoyOulek00R,mean_mor,3
R_0dENC7slP3a5Rd3,mean_mor,2.5
R_0DMHiyIBCc8lqvj,mean_mor,3.5
R_0DnMj6rXovPR6NT,mean_mor,2.5
R_0DNRjAxdsB6W4jX,mean_mor,3
R_0eVImlwn2BEANIF,mean_mor,3
R_0HbxWvLhImRT7IV,mean_mor,3
R_0iHp12NIO4D2gMl,mean_mor,2.5
R_0iY9dELpvzn4Kih,mean_mor,3.5
R_0j3xYhj7RdPLFwp,mean_mor,3
R_0Mp0vazEMGmusrH,mean_mor,3
R_0N8eYana0RLX9UF,mean_mor,3
R_0NeD22cad3dbpvn,mean_mor,3
R_0NRtMV8VBYoLZpb,mean_mor,2.5
R_0oGsLWMorV4Bk1f,mean_mor,3
R_0PwlUujFg5mZFGJ,mean_mor,2.5
R_0qvNtw9fFcThH25,mean_mor,3
R_0TmUsFFK76t4dCZ,mean_mor,2.5
R_0vbLkr44iCanyK1,mean_mor,3.5
R_0vPMCZv5m2HGGiN,mean_mor,2
R_0Vuxzafv7zVAfIx,mean_mor,4
R_0VwcmZkYWSpWUAZ,mean_mor,3
R_1CebzxO1cVRmZql,mean_mor,2.5
R_1FiDWtIbMBT6AzH,mean_mor,3
R_1FzXdFvpLcrq56J,mean_mor,2.5
R_1GDT2JHtbi6pfet,mean_mor,3
R_1MlDClqRa9h7g5D,mean_mor,3
R_1NRgzUxHONK9Jtz,mean_mor,3
R_1RgdZ3Vv2lNWZYV,mean_mor,3
R_1Sb0LO16Jx5TcCV,mean_mor,3
R_1UmdGA1GogGWe5n,mean_mor,2.5
R_1XkWisNy2AsUpZH,mean_mor,3
R_244JNf9FXQ3l1Fr,mean_mor,3
R_244Quh8Fc3tsb0p,mean_mor,3
R_25g7WY80OPq9fHT,mean_mor,3
R_261uEZqFeKUH3AF,mean_mor,3
R_2ajvFuQFZExQl3n,mean_mor,2.5
R_2b1hdLIwKkoNip7,mean_mor,3.5
R_2co2HL7fSkRYHYN,mean_mor,3
R_2mcTLMyd4nfnWPX,mean_mor,3
R_2nuErdw9OW7GWiN,mean_mor,3
R_2t3UDaqQVWHDjvf,mean_mor,3
R_2tpYgwkvkSFK45L,mean_mor,3
R_2tWfXopTD51sAkt,mean_mor,3
R_2udElqUm8L6HSGF,mean_mor,2.5
R_2uhPW86zEamu8ap,mean_mor,3
R_37CtGcT1HWsBqGF,mean_mor,2.5
R_3Dw9IrzI1itpybr,mean_mor,3
R_3dybDH3gB3W6grX,mean_mor,3
R_3elaznfMNeSVX1j,mean_mor,3
R_3JiBpZ5qfHDbJtz,mean_mor,3.5
R_3K3bcpvjXtCH32B,mean_mor,2.5
R_3K4YYu69VKmc01n,mean_mor,3
R_3kM8DIimavIwNhj,mean_mor,3
R_3krtH3eq05A5Mpf,mean_mor,3
R_3LfDMnA3qEuedUx,mean_mor,3
R_3mAA8qe7emsvCbb,mean_mor,3.5
R_3mkdqQYUUok7oEZ,mean_mor,3
R_3mxEEvGPnogvQKp,mean_mor,3.5
R_3n6wJgesn7ivrbT,mean_mor,3
R_3OavzhNiGtTJt89,mean_mor,3
R_3qvo4fVxSy5Fk0Z,mean_mor,2.5
R_3RfTbBauwzdBfV3,mean_mor,2.5
R_3UTnT50f1jWpaF7,mean_mor,3.5
R_3vEn2mZxaExQxCJ,mean_mor,3.5
R_3vIN0Gt4GOykklL,mean_mor,3
R_3ViniLdqtYkUM1n,mean_mor,2.5
R_3VLGT3hUBDetMtT,mean_mor,3
R_3VnUbFlpfJ3Cl5H,mean_mor,3
R_3VOIs4RZ8lGlJjL,mean_mor,3
R_3W76O9yPDdwJxDD,mean_mor,2.5
R_41tJIld8tHgYVH7,mean_mor,3
R_4ME0EXGMx0uGEZv,mean_mor,2.5
R_4Obwgz5yXr8Q3RP,mean_mor,2.5
R_4T2ELhai4gkcMId,mean_mor,1
R_4UszAknxHX1fcMd,mean_mor,2.5
R_4Vhw34Ky39LASoZ,mean_mor,3
R_4Z0Y1kYXgWdDSf3,mean_mor,2.5
R_4ZLFXfUxyZAqyFf,mean_mor,3
R_4ZmRsf3Jg7xcJdH,mean_mor,2
R_50bTj8paHBwSlHD,mean_mor,3
R_55qQpaisGvSjSS1,mean_mor,3
R_56JZsLk5so0ia0Z,mean_mor,3
R_5ALEck3XOWIRRf7,mean_mor,3
R_5Ao3wv4u5dMDnvf,mean_mor,2.5
R_5bBg3UlRcT9zQXz,mean_mor,2.5
R_5BGLiu7ObeccajP,mean_mor,3.5
R_5Bzvn7OZ1Ql7D1z,mean_mor,3
R_5cGeZbsxb2e2HEF,mean_mor,3
R_5cKUhdhMsebiGlT,mean_mor,3
R_5dvDU4xC3PMBpUF,mean_mor,3
R_5i0au36wPN2VtJ3,mean_mor,3
R_5mMMkal0oe6JG1T,mean_mor,3
R_5ndSEURIN8H1bSJ,mean_mor,3
R_5nDu09Ohy36sjVr,mean_mor,3
R_5ut2tqTHns5SeQB,mean_mor,2.5
R_5vwhuShCk2H3fw1,mean_mor,3
R_5w439KNNQxKMf9H,mean_mor,2.5
R_6DalweIymPAufM9,mean_mor,3
R_6DuQ2ejBJhSrXy5,mean_mor,2.5
R_6eWLlRj99hivOEl,mean_mor,3
R_6fHtAi514WJaiGx,mean_mor,3
R_6Gd3llQdQpVornD,mean_mor,2.5
R_6JRf3ZMco16QsSN,mean_mor,3.5
R_6kUNkAbZYipCJJr,mean_mor,3.5
R_6KzcPDlHa16dpxr,mean_mor,2.5
R_6L1FceTSxoVJpmR,mean_mor,2.5
R_6mbcyrj4wmFuEV7,mean_mor,2.5
R_6mVB9yxTAbOOii1,mean_mor,2.5
R_6nfI0zvXDXzSLhr,mean_mor,3
R_6P5qGwDAlA0tRM9,mean_mor,3
R_6PxAP7IAnkSd1tj,mean_mor,2.5
R_6PXRlYCPNLWkyEZ,mean_mor,4
R_6Q2bKss6ad5PRAN,mean_mor,3
R_6QIHyPaXoQzNeqF,mean_mor,3
R_6rJc8bEtejdvTJr,mean_mor,2.5
R_6RLjg7evicLqQER,mean_mor,3
R_6S9623OwcAKEcFn,mean_mor,3
R_6sVd1MweY9SicqF,mean_mor,2.5
R_6teJEBpxwITFEeF,mean_mor,3
R_6VuQlrLPWH4RnMx,mean_mor,3
R_6zFMEXiuo6JhBxX,mean_mor,3
R_71iNBFYHgguGso5,mean_mor,3
R_74jwdrwcyshimix,mean_mor,3
R_74LJ8nixoVPRv81,mean_mor,3
R_74mK9ZOkbE0WEnP,mean_mor,3
R_77BfnjlVOWOW1y5,mean_mor,3.5
R_77ekb9Cqx0dSACN,mean_mor,3
R_78HXVWjXQKQgbrv,mean_mor,3
R_79BO6LOktjfGe2x,mean_mor,3
R_7NwFnzITm6AMlcp,mean_mor,3
R_7Og2Hxys5yl6m7H,mean_mor,3
R_7OoNH8Qb3uBnaW9,mean_mor,2
R_7R3j2aVNBbOKO21,mean_mor,3.5
R_81VySqk5NT9vGxT,mean_mor,2.5
R_82Py6qhFA9ja7VH,mean_mor,3
R_86RtqwQWvDwihUN,mean_mor,3
R_8bL6I05G7NV5TqB,mean_mor,3
R_8CeLwJuUrJIFbiR,mean_mor,3
R_8cTb4VIGELREwHX,mean_mor,3.5
R_8dicYIpm2nFQfiJ,mean_mor,1
R_8dJVk5zGuA4Ncmp,mean_mor,3
R_8e8rphJ7hGXMkGF,mean_mor,3
R_8H569CAJCPI3gEt,mean_mor,3
R_8HVtyNezMgl4FFj,mean_mor,3
R_8iFELvYBcFeQjCR,mean_mor,3
R_8iGFBKFtCpmmrXf,mean_mor,3
R_8IghlH19w1pw4uh,mean_mor,3
R_8IL64Ln8taMW3JP,mean_mor,3
R_8v8fFiriLGfB3VP,mean_mor,2.5
R_8vVdzf54XCFnO73,mean_mor,3
R_8xl0a3uNONomiup,mean_mor,3
R_9AXCsuRHBqoimvb,mean_mor,2.5
R_9EPzxpmB2vpiQCN,mean_mor,2.5
R_9EqxUElUr0iPF9X,mean_mor,3
R_9KWMsZb0bZjK4Pb,mean_mor,3
R_9KwPmcHqGwceDEV,mean_mor,3
R_9KxPOB0jpRJu8WF,mean_mor,3
R_9p2crtBGTm54x6J,mean_mor,2
R_9pJg1YTxQCcX6Yd,mean_mor,3
R_9QU6RW8NLOyiESh,mean_mor,2
R_9S3apTJcJ7QG6Rn,mean_mor,3
R_9t82UbQHVZ87Bqd,mean_mor,3
R_9tN81z8VG7IYvo9,mean_mor,3
R_9toXwBOO5RJRFkh,mean_mor,3
R_9XroaYNZJfDoqGN,mean_mor,4
R_9Y0d73UAxa76Del,mean_mor,3.5
R_9yk8jZZLJEkerT7,mean_mor,3
R_9YSE6ASb2YFyqNf,mean_mor,3
R_9ZAsE9UBgdjlYgt,mean_mor,3
R_9ZhhNFePbsgpEA5,mean_mor,3.5
R_a2HfDjdqyEhkt3T,mean_mor,3
R_a2z0hWSnOiQQHKB,mean_mor,3
R_a3E2KGTJdHJC6pL,mean_mor,3
R_a95ajFzwK6sha0R,mean_mor,3
R_ab22AooETQQFOdL,mean_mor,3
R_afqYVUFMoHSxxfT,mean_mor,3
R_ag6JHiFNXubHXDv,mean_mor,3
R_agHj3eq49kGzGGV,mean_mor,3
R_ahCqfjWZyn1YwPH,mean_mor,3
R_aVmtXz2i254vnEx,mean_mor,3
R_aY4SBJKtQSyF0vX,mean_mor,3
R_aY7FOdPNPZCH22F,mean_mor,3.5
R_aYv8mHBZlj0CRq5,mean_mor,3
R_b1KCSfREOEJfmtv,mean_mor,3.5
R_b1q0VxsvuP4xWrb,mean_mor,3
R_b3GxGMw8QThLyBv,mean_mor,3
R_b8wu6cwP3lxBOJv,mean_mor,4
R_b9K0jFJ8Lbw6YxT,mean_mor,3
R_b9rW9Ri4Zl2u7Xv,mean_mor,3
R_baa2Mxag7IwQRsp,mean_mor,3
R_bClxERZDA7gvv0N,mean_mor,3
R_bCvpOiyDDjgNIlT,mean_mor,3
R_bdBt4ubvlmYn29n,mean_mor,2.5
R_bedlXxHaLECHU6V,mean_mor,3
R_bEnSb3whMfZaP1H,mean_mor,3.5
R_bI3M4wTLhxu4OK9,mean_mor,3.5
R_bm6GrtBpNTeYNQp,mean_mor,3
R_bNTkn5kWlYmrCuN,mean_mor,3
R_bpvitqE4cXBkRKd,mean_mor,3
R_bPWsuZu6tR2NS17,mean_mor,2.5
R_bqhdczjeGHpyohT,mean_mor,3
R_brNlZkLKzMOuUqV,mean_mor,3
R_bybYkahi5ayo1ox,mean_mor,3.5
R_byMQ3iVmIqbgNUh,mean_mor,3
R_cA54GCklhlgeoOF,mean_mor,3.5
R_cBIdhWeV5SUWtKd,mean_mor,2.5
R_cBJqORad18yFTk9,mean_mor,3.5
R_cBKCSlPlA2I42qx,mean_mor,3.5
R_cC77pr8ZV3WENs9,mean_mor,3
R_cDdiCuPVOwRO3at,mean_mor,3
R_cN2EX7Fmw5AK5W5,mean_mor,2.5
R_cPadPm027lzVned,mean_mor,3
R_cRPwpnnPEe45Yax,mean_mor,2.5
R_cSJ1RbHQafhfw2x,mean_mor,3.5
R_cUSGSICZizH4ibP,mean_mor,3
R_cvcRRTXyJZG42Wx,mean_mor,3
R_cVkumCviUibfpwV,mean_mor,3
R_d0Vkm9FXus6u2Xj,mean_mor,3
R_d1hqGSfRusB2WYB,mean_mor,3
R_d4gxMC1tfFzsB1j,mean_mor,3
R_d5NFyjFU4mtTovr,mean_mor,3
R_d6ETQfzFpqQymhL,mean_mor,3
R_d6Gd6yVxVpfiIjb,mean_mor,3.5
R_dg67SVAkMvbqjNH,mean_mor,3
R_dhsUh4PunZnqObz,mean_mor,2.5
R_dnCWkQjzaAdOzxb,mean_mor,3
R_dogKIS0XGm03C2p,mean_mor,3
R_e2uMOfaQ2XNjhyZ,mean_mor,3
R_e33J1ub9FfHSyot,mean_mor,3
R_e3cyMfhBdMk6D3L,mean_mor,3.5
R_e3zZsCSg0CiSPZj,mean_mor,3
R_e4Ih3i9Aa1nr9Ot,mean_mor,2.5
R_eaffsMkag0wCfOJ,mean_mor,3
R_eaMevRytmPlQRG5,mean_mor,3
R_ebAysdUZivGqkcJ,mean_mor,2.5
R_eEA6P0lDhzk7GhD,mean_mor,3.5
R_eeot0CF8zaFqtYp,mean_mor,3.5
R_eepEnr5BOdjrp9b,mean_mor,3
R_eh5pcVEURr1WeNv,mean_mor,2.5
R_eICzmsyOuWZXJ9X,mean_mor,2.5
R_eIPK6Ya5MMXPrhP,mean_mor,3
R_el22tcAF8oylTmJ,mean_mor,3
R_elE1gWpVuI014Et,mean_mor,3
R_eLqKxoiUzn5lum1,mean_mor,3
R_emLV4M5pLY6VEdT,mean_mor,3
R_emoq3AYZhc0zEr3,mean_mor,3
R_eSgMhuuFVr2bN5P,mean_mor,3
R_etD7MzYJ7zOuxUN,mean_mor,3
R_eUOvfJ7CNuFailT,mean_mor,2.5
R_ewCJvISccDpFbMx,mean_mor,3
R_eXKLQwf9XpktlmR,mean_mor,2.5
R_eycEeieXrYzisap,mean_mor,3
R_2gZzrWHmgbqM0LP,mean_mor,2.5
R_3eHmgQHFnS4STL7,mean_mor,2.5
R_4GzUjLh3S2c0q1L,mean_mor,2.5
R_6uvGyYGLHUGAAJv,mean_mor,3
R_74n6blPytasQNPn,mean_mor,3
R_bfs8r8hkPXkEJGl,mean_mor,3
R_4Z7dgqxQPC6fnBr,mean_mor,4
R_5yVMo4tqkV1of3L,mean_mor,3
R_cw46VUhKKksccEl,mean_mor,2
R_7Vhp1Tuopm40rFX,mean_mor,3
R_0oWwXewYpbwgTNX,mean_mor,3
R_2gIhRA96q3HNnzT,mean_mor,3
R_3UfFSPCQ8s6ZIMd,mean_mor,3.5
R_6QknmxyHTy4LkpL,mean_mor,3
R_6XaRkSzHHtkdA9v,mean_mor,3
R_8i6VbbG38Fmci2N,mean_mor,2
R_cuonXDpuAwB7EUd,mean_mor,3
R_0uiEagDZ8utTBJ3,mean_mor,3
R_1OhvFkVJPErdUc5,mean_mor,3
R_1YowFFJnbj4Cn09,mean_mor,3
R_3BHxg7xEcXZrZMF,mean_mor,3.5
R_3IqlfNx2hfYxxnD,mean_mor,3
R_40XchjhEy0nAmxL,mean_mor,2.5
R_4My9hc6sFmvKdBH,mean_mor,4
R_8c8AuB5J2crS6Il,mean_mor,2
R_8wee3dWnHR6iKBT,mean_mor,2.5
R_9zd9Kp835bJG3ml,mean_mor,2
R_cuuehDPFDRuBWxn,mean_mor,3
R_dhTsDTwirdNCXGZ,mean_mor,3
R_0p6vxKxaLOM0Vox,mean_mor,3
R_2f4bEgPRKzRiTNX,mean_mor,3
R_2iqXzNJaW9GXSdL,mean_mor,3
R_3r4vrsx373Jhgkl,mean_mor,3
R_4VN278d6PHU55eB,mean_mor,2.5
R_5jdQhnCqlYQYnZj,mean_mor,3
R_5nbEs2ZclGiccqp,mean_mor,2.5
R_5nkEqpFxUMekQIt,mean_mor,3
R_9YqueA12icepNPv,mean_mor,3
R_afSxZEcJmbBhUgJ,mean_mor,3.5
R_cRV5ic7cdPwDd1X,mean_mor,3.5
R_eaDEHuW687d6R37,mean_mor,2.5
R_er3efIHEv8lfgah,mean_mor,3.5
R_etD12acTHVo6w9T,mean_mor,3.5
R_ezFAqUG11Mqi0v3,mean_mor,3
R_8ohSCJwYDSbirQN,mean_mor,3
R_8xn6ieyQM4RCCl7,mean_mor,3
R_9sQEsdc3WvjJmFD,mean_mor,3
R_9Y7hZzEPId65hJj,mean_mor,3
R_b7b4q1XNdpUpzed,mean_mor,3
R_b7yL1FIXdxsd6OF,mean_mor,3
R_b9PimRqCXlZZPuZ,mean_mor,3
R_e4e09Tf648CkLAx,mean_mor,3
R_eQKQFE1A856u3Pv,mean_mor,2
R_7TFdGWuq4yWiVvv,mean_mor,3
R_24SCiMOX1WrmTwV,mean_mor,3
R_6tKvYgpRwpGKYIJ,mean_mor,3.5
R_eGbQ71Hj5U4bhml,mean_mor,3
R_0HTlmcKe5FrddvT,mean_mor,3
R_02Il4uscqNJuWBT,mean_mor,3
R_03dxZHgSxRRcU7P,mean_mor,2.5
R_0fEAnZ0L0SnIgdv,mean_mor,2.5
R_0HzpeHxYFAbzwqN,mean_mor,4
R_0lK5HskKZ1QhchL,mean_mor,3
R_0NiiDA0LUqBKurP,mean_mor,3
R_1XqfUEl4ZyIabvT,mean_mor,2.5
R_25g5cHZf8qidvg1,mean_mor,2.5
R_25JOudIl1Bb2gOV,mean_mor,3.5
R_3BPG1iRB2SAYv53,mean_mor,3
R_3jIaGS3rqT5KQ29,mean_mor,3
R_3mGJtMvjXL4RzEx,mean_mor,3
R_3sLyrCKhUEA5iPr,mean_mor,3
R_3Vjsp8uIcWjkMlL,mean_mor,3.5
R_42AOFcD8mMn1sNv,mean_mor,2.5
R_4IthKmgHNSfijaZ,mean_mor,3
R_4YM3Z11a6BePDaB,mean_mor,2
R_54GKsJiZ7KDpbcp,mean_mor,3
R_54lJ0DwiDgQkmzz,mean_mor,3
R_54pfYynpEFAvPwx,mean_mor,3.5
R_5vFl5h1swraARmd,mean_mor,2.5
R_6fiXZOdlZ67ceNL,mean_mor,3
R_6loeHiF2QwQm0QJ,mean_mor,3.5
R_6PxHJBxOhJQc4It,mean_mor,2.5
R_6rEMPZ6jxEWzWpn,mean_mor,3
R_6rQf5tvvvW00JQ9,mean_mor,3
R_74gDGFzRbg17jAV,mean_mor,2
R_78tNW32zHdAnvI9,mean_mor,3
R_7OI0txvPG1Ndt1r,mean_mor,3
R_7ZI9nBbS8V8jeq9,mean_mor,2.5
R_8A35Ep4FY0wNQmV,mean_mor,3.5
R_8vuug6voyuSHjpP,mean_mor,1.5
R_9B2xLMemFgPDDal,mean_mor,3
R_afQYvLDxQTVIUQd,mean_mor,2.5
R_ahrfMvYyioFro33,mean_mor,3
R_aYurtBVHOkIhPwh,mean_mor,3
R_b2x0tNPKzE8S4Qt,mean_mor,3.5
R_b8HhyEIcXvFDDmJ,mean_mor,3.5
R_bHq0aU04Fz4brO5,mean_mor,3
R_bNNE9KpWzq1Sy7X,mean_mor,3
R_bOYzr86DXvb249n,mean_mor,3
R_bpA2x94xv8xhjhz,mean_mor,3.5
R_bwHCL0bvTztLLql,mean_mor,3
R_cOYcEKS94gT6lWR,mean_mor,2.5
R_dbzwnErp9TWhYTr,mean_mor,3
R_e3P6K5pln04v8fb,mean_mor,2.5
R_eDqbEJUdasHpmU5,mean_mor,3.5
R_eFGDA9b5iFUkOIB,mean_mor,2.5
R_eFOllh6lCCc3nkV,mean_mor,3
R_ekEg6o8P5Tlsx6d,mean_mor,3
R_eOHNNDC7HcZ8szr,mean_mor,3
R_eVfldsb7MdgwbOJ,mean_mor,3.5
R_3UiZ3C6VnxZkuDr,mean_mor,3
R_8BQwbFdBUl9Ps8t,mean_mor,2.5
R_0ca6ARQoBohPc5T,mean_mor,1
R_3siZnTX4069v11X,mean_mor,2.5
R_5zEwqQU3Nx8NxtP,mean_mor,3
R_7VtR7o43v3unfBr,mean_mor,2
R_3pDAcn1zkHA76NT,mean_mor,3
R_8ojl9YrzpZYuk4t,mean_mor,3.5
R_dbcXzQUhGqs7QSF,mean_mor,2
R_0jo1GHSPQ9TFfY9,mean_mor,2.5
R_2tMHEQd2vOXpeQt,mean_mor,2.5
R_38BQM8ojvtQfXVP,mean_mor,3.5
R_d3WFRxD01cWJHQp,mean_mor,3
R_9mpG8C9qo1cIqrz,mean_mor,3